-- phpMyAdmin SQL Dump
-- version 5.2.0
-- https://www.phpmyadmin.net/
--
-- Host: localhost
-- Generation Time: Mar 26, 2023 at 03:33 PM
-- Server version: 8.0.32-0ubuntu0.20.04.2
-- PHP Version: 7.4.3-4ubuntu2.18

SET SQL_MODE = "NO_AUTO_VALUE_ON_ZERO";
START TRANSACTION;
SET time_zone = "+00:00";


/*!40101 SET @OLD_CHARACTER_SET_CLIENT=@@CHARACTER_SET_CLIENT */;
/*!40101 SET @OLD_CHARACTER_SET_RESULTS=@@CHARACTER_SET_RESULTS */;
/*!40101 SET @OLD_COLLATION_CONNECTION=@@COLLATION_CONNECTION */;
/*!40101 SET NAMES utf8mb4 */;

--
-- Database: `entranceManager`
--

--
-- Dumping data for table `attendance`
--

INSERT INTO `attendance` (`id`, `uuid`, `userId`, `state`, `deviceId`, `companyId`, `locationId`, `deviceTime`, `isSync`, `createdAt`, `updatedAt`) VALUES
(4306, 'e1ee6ab8-cbbf-11ed-adf7-8e60b21ff602', 5, 1, 4, 1, 1, '2023-03-26 00:03:53', 0, '2023-03-26 16:20:50', '2023-03-26 16:20:50'),
(4307, 'e1ee6d60-cbbf-11ed-9a0d-8e60b21ff602', 5, 1, 4, 1, 1, '2023-03-26 04:03:51', 0, '2023-03-26 16:20:50', '2023-03-26 16:20:50'),
(4308, 'e1ee6de2-cbbf-11ed-a4d8-8e60b21ff602', 5, 1, 4, 1, 1, '2023-03-26 04:10:01', 0, '2023-03-26 16:20:50', '2023-03-26 16:20:50'),
(4309, 'e1ee6e46-cbbf-11ed-ac74-8e60b21ff602', 375, 1, 4, 1, 1, '2023-03-26 07:58:05', 0, '2023-03-26 16:20:50', '2023-03-26 16:20:50'),
(4310, 'e1ee6ea0-cbbf-11ed-8e56-8e60b21ff602', 269, 1, 4, 1, 1, '2023-03-26 11:16:17', 0, '2023-03-26 16:20:50', '2023-03-26 16:20:50'),
(4311, 'e1ee6efa-cbbf-11ed-81e9-8e60b21ff602', 5, 1, 4, 1, 1, '2023-03-26 11:43:57', 0, '2023-03-26 16:20:50', '2023-03-26 16:20:50'),
(4312, 'e1ee6f5e-cbbf-11ed-80c0-8e60b21ff602', 21, 15, 4, 1, 1, '2023-03-26 13:09:00', 0, '2023-03-26 16:20:50', '2023-03-26 16:20:50'),
(4313, 'e1ee6fb8-cbbf-11ed-931e-8e60b21ff602', 21, 1, 4, 1, 1, '2023-03-26 13:28:00', 0, '2023-03-26 16:20:50', '2023-03-26 16:20:50'),
(4314, 'e1ee7008-cbbf-11ed-b9ff-8e60b21ff602', 555, 1, 4, 1, 1, '2023-03-26 14:07:21', 0, '2023-03-26 16:20:50', '2023-03-26 16:20:50'),
(4315, 'e1ee7062-cbbf-11ed-882b-8e60b21ff602', 375, 1, 4, 1, 1, '2023-03-26 14:48:32', 0, '2023-03-26 16:20:50', '2023-03-26 16:20:50'),
(4316, 'e1ee70bc-cbbf-11ed-a725-8e60b21ff602', 5, 1, 4, 1, 1, '2023-03-26 15:24:45', 0, '2023-03-26 16:20:50', '2023-03-26 16:20:50'),
(4317, 'e1ee7116-cbbf-11ed-930a-8e60b21ff602', 21, 1, 4, 1, 1, '2023-03-26 15:36:43', 0, '2023-03-26 16:20:50', '2023-03-26 16:20:50'),
(4318, 'e1ee7170-cbbf-11ed-bbf5-8e60b21ff602', 332, 1, 4, 1, 1, '2023-03-26 16:12:49', 0, '2023-03-26 16:20:50', '2023-03-26 16:20:50'),
(4345, 'c734ba0e-cbc1-11ed-9953-8e60b21ff602', 5, 15, 5, 2, 1, '2023-03-26 08:37:32', 0, '2023-03-26 16:34:24', '2023-03-26 16:34:24'),
(4346, 'c734bb12-cbc1-11ed-95ee-8e60b21ff602', 5, 15, 5, 2, 1, '2023-03-26 08:37:33', 0, '2023-03-26 16:34:24', '2023-03-26 16:34:24'),
(4347, 'c734bb80-cbc1-11ed-b589-8e60b21ff602', 5, 15, 5, 2, 1, '2023-03-26 08:44:09', 0, '2023-03-26 16:34:24', '2023-03-26 16:34:24'),
(4348, 'c734bbe4-cbc1-11ed-ac37-8e60b21ff602', 5, 15, 5, 2, 1, '2023-03-26 08:44:10', 0, '2023-03-26 16:34:24', '2023-03-26 16:34:24'),
(4349, 'c734bc48-cbc1-11ed-977b-8e60b21ff602', 5, 15, 5, 2, 1, '2023-03-26 09:02:54', 0, '2023-03-26 16:34:24', '2023-03-26 16:34:24'),
(4350, 'c734bca2-cbc1-11ed-8a2f-8e60b21ff602', 5, 15, 5, 2, 1, '2023-03-26 10:26:17', 0, '2023-03-26 16:34:24', '2023-03-26 16:34:24'),
(4351, 'c734bcfc-cbc1-11ed-9070-8e60b21ff602', 5, 15, 5, 2, 1, '2023-03-26 10:26:19', 0, '2023-03-26 16:34:24', '2023-03-26 16:34:24'),
(4352, 'c734bd56-cbc1-11ed-8e44-8e60b21ff602', 5, 15, 5, 2, 1, '2023-03-26 11:42:22', 0, '2023-03-26 16:34:24', '2023-03-26 16:34:24'),
(4353, 'c734bdb0-cbc1-11ed-9057-8e60b21ff602', 5, 15, 5, 2, 1, '2023-03-26 11:42:23', 0, '2023-03-26 16:34:24', '2023-03-26 16:34:24'),
(4354, 'c734be14-cbc1-11ed-bd8c-8e60b21ff602', 21, 15, 5, 2, 1, '2023-03-26 13:01:12', 0, '2023-03-26 16:34:24', '2023-03-26 16:34:24'),
(4355, 'c734be6e-cbc1-11ed-83b7-8e60b21ff602', 21, 15, 5, 2, 1, '2023-03-26 13:01:13', 0, '2023-03-26 16:34:24', '2023-03-26 16:34:24'),
(4356, 'c734bebe-cbc1-11ed-be32-8e60b21ff602', 21, 15, 5, 2, 1, '2023-03-26 13:01:15', 0, '2023-03-26 16:34:24', '2023-03-26 16:34:24'),
(4357, 'c734bf18-cbc1-11ed-9caf-8e60b21ff602', 21, 15, 5, 2, 1, '2023-03-26 13:01:16', 0, '2023-03-26 16:34:24', '2023-03-26 16:34:24'),
(4358, 'c734bf72-cbc1-11ed-876d-8e60b21ff602', 21, 15, 5, 2, 1, '2023-03-26 13:01:17', 0, '2023-03-26 16:34:24', '2023-03-26 16:34:24'),
(4359, 'c734bfcc-cbc1-11ed-b091-8e60b21ff602', 21, 15, 5, 2, 1, '2023-03-26 13:01:18', 0, '2023-03-26 16:34:24', '2023-03-26 16:34:24'),
(4360, 'c734c030-cbc1-11ed-9007-8e60b21ff602', 21, 15, 5, 2, 1, '2023-03-26 13:01:20', 0, '2023-03-26 16:34:24', '2023-03-26 16:34:24'),
(4361, 'c734c08a-cbc1-11ed-bc87-8e60b21ff602', 21, 15, 5, 2, 1, '2023-03-26 13:01:27', 0, '2023-03-26 16:34:24', '2023-03-26 16:34:24'),
(4362, 'c734c0e4-cbc1-11ed-bc98-8e60b21ff602', 21, 15, 5, 2, 1, '2023-03-26 13:01:28', 0, '2023-03-26 16:34:24', '2023-03-26 16:34:24'),
(4363, 'c734c13e-cbc1-11ed-bfb8-8e60b21ff602', 21, 15, 5, 2, 1, '2023-03-26 13:01:29', 0, '2023-03-26 16:34:24', '2023-03-26 16:34:24'),
(4364, 'c734c18e-cbc1-11ed-a9ff-8e60b21ff602', 21, 15, 5, 2, 1, '2023-03-26 13:03:19', 0, '2023-03-26 16:34:24', '2023-03-26 16:34:24'),
(4365, 'c734c1e8-cbc1-11ed-85a6-8e60b21ff602', 21, 15, 5, 2, 1, '2023-03-26 13:03:20', 0, '2023-03-26 16:34:24', '2023-03-26 16:34:24'),
(4366, 'c734c242-cbc1-11ed-a67b-8e60b21ff602', 21, 15, 5, 2, 1, '2023-03-26 13:03:24', 0, '2023-03-26 16:34:24', '2023-03-26 16:34:24'),
(4367, 'c734c292-cbc1-11ed-af60-8e60b21ff602', 21, 15, 5, 2, 1, '2023-03-26 13:03:25', 0, '2023-03-26 16:34:24', '2023-03-26 16:34:24');

--
-- Dumping data for table `company`
--

INSERT INTO `company` (`id`, `uuid`, `name`, `status`, `createdAt`, `updatedAt`) VALUES
(1, 'a9992b0f-2504-4ada-b7bb-44463171ef7e', 'ShareTrip', 1, '2023-03-23 11:37:27', '2023-03-23 11:37:27'),
(2, '82f0fc41-77f6-44f4-bb35-f0b024e2aebd', 'DeshiPay', 1, '2023-03-23 11:37:27', '2023-03-23 11:37:27');

--
-- Dumping data for table `device`
--

INSERT INTO `device` (`id`, `uuid`, `name`, `companyId`, `locationId`, `ip`, `port`, `version`, `osVersion`, `platform`, `fmVersion`, `serialNumber`, `deviceModel`, `status`, `deviceStatus`, `isPrimary`, `lastConnectedAt`, `createdAt`, `updatedAt`) VALUES
(3, '93d34ca6-579c-4665-a985-37807a3537b2', '3rd Floor', 1, 1, '118.179.202.221', 43707, 'Ver 6.60 Aug 19 2021\0', '1\0', 'ZAM180_TFT\0', 'ZKFPV.10\0', 'CQUG224260104\0', 'SpeedFace-V5L', 1, 1, 0, '2023-03-23 16:14:55', '2023-03-23 11:20:48', '2023-03-23 16:14:55'),
(4, '7d7f25da-eaa4-43a1-b2fc-57ee6489a630', '3rd Floor Old', 1, 1, '118.179.202.220', 43705, 'Ver 6.60 Sep 19 2019\0', '1\0', 'ZMM220_TFT\0', 'ZKFPV.10\0', 'AF4C214960622\0', 'uFace800', 1, 1, 1, '2023-03-23 11:23:26', '2023-03-23 11:23:26', '2023-03-23 11:23:26'),
(5, 'eee4d3c3-aeb4-491c-83aa-96c90fca53d3', '6th Floor', 2, 1, '123.0.20.194', 50501, 'Ver 6.60 Mar 24 2021\0', '1\0', 'ZAM180_TFT\0', 'ZKFPV.10\0', 'CMWB221360134\0', 'SpeedFace-V5L', 0, 1, 0, '2023-03-26 10:45:30', '2023-03-23 11:23:45', '2023-03-26 10:45:30');

--
-- Dumping data for table `employee`
--

INSERT INTO `employee` (`id`, `uuid`, `userId`, `userUid`, `role`, `name`, `password`, `cardNo`, `finger`, `status`, `createdAt`, `updatedAt`) VALUES
(1, 'd2a98d2a-cbc0-11ed-abb4-8e60b21ff602', 1, '1', 0, 'Kashefur Rahman', '', '0000000000 ', NULL, 0, '2023-03-26 16:27:34', '2023-03-26 16:27:34'),
(2, 'd2a9902c-cbc0-11ed-b0e8-8e60b21ff602', 2, '2', 0, 'Sadia Haque', '', '0000000000 ', NULL, 0, '2023-03-26 16:27:34', '2023-03-26 16:27:34'),
(3, 'd2a99090-cbc0-11ed-9e5d-8e60b21ff602', 3, '3', 0, 'Md. Shah Jamal', '', '0000000000 ', NULL, 0, '2023-03-26 16:27:34', '2023-03-26 16:27:34'),
(4, 'd2a990e0-cbc0-11ed-a6fd-8e60b21ff602', 6, '4', 0, 'Kazi Reazul Haque Apu', '', '0000000000 ', NULL, 0, '2023-03-26 16:27:34', '2023-03-26 16:27:34'),
(5, 'd2a99130-cbc0-11ed-bf47-8e60b21ff602', 7, '5', 0, 'Md. Emam Hossain Rabby', '', '0000000000 ', NULL, 0, '2023-03-26 16:27:34', '2023-03-26 16:27:34'),
(6, 'd2a99180-cbc0-11ed-a43e-8e60b21ff602', 8, '6', 0, 'Md Hasanur Rahman Jibon', '', '0000000000 ', NULL, 0, '2023-03-26 16:27:34', '2023-03-26 16:27:34'),
(7, 'd2a991d0-cbc0-11ed-adea-8e60b21ff602', 190, '7', 0, 'Sohail Majid', '', '0000000000 ', NULL, 0, '2023-03-26 16:27:34', '2023-03-26 16:27:34'),
(8, 'd2a99216-cbc0-11ed-9423-8e60b21ff602', 9, '8', 0, '9', '', '0000000000 ', NULL, 0, '2023-03-26 16:27:34', '2023-03-26 16:27:34'),
(9, 'd2a99266-cbc0-11ed-9f76-8e60b21ff602', 11, '9', 0, 'Md Taraq Anam', '', '0000000000 ', NULL, 0, '2023-03-26 16:27:34', '2023-03-26 16:27:34'),
(10, 'd2a992b6-cbc0-11ed-89ac-8e60b21ff602', 13, '10', 0, 'Ahmed Abdullah Al Momin', '', '0000000000 ', NULL, 0, '2023-03-26 16:27:34', '2023-03-26 16:27:34'),
(11, 'd2a99306-cbc0-11ed-8ef6-8e60b21ff602', 14, '11', 0, 'Rezwana Rahman', '', '0000000000 ', NULL, 0, '2023-03-26 16:27:34', '2023-03-26 16:27:34'),
(12, 'd2a99356-cbc0-11ed-89f3-8e60b21ff602', 302, '12', 0, 'Bappi', '', '0000000000 ', NULL, 0, '2023-03-26 16:27:34', '2023-03-26 16:27:34'),
(13, 'd2a993a6-cbc0-11ed-9146-8e60b21ff602', 16, '13', 0, 'Md. Fazle Elahi Rahat', '', '0000000000 ', NULL, 0, '2023-03-26 16:27:34', '2023-03-26 16:27:34'),
(14, 'd2a993f6-cbc0-11ed-bcf0-8e60b21ff602', 17, '14', 0, 'Nafiz', '', '0000000000 ', NULL, 0, '2023-03-26 16:27:34', '2023-03-26 16:27:34'),
(15, 'd2a99446-cbc0-11ed-bddf-8e60b21ff602', 12, '15', 0, 'Md. Sazzad Hossen', '', '0000000000 ', NULL, 0, '2023-03-26 16:27:34', '2023-03-26 16:27:34'),
(16, 'd2a99496-cbc0-11ed-8513-8e60b21ff602', 19, '16', 0, 'Md. Saiful Islam Sajib', '', '0000000000 ', NULL, 0, '2023-03-26 16:27:34', '2023-03-26 16:27:34'),
(17, 'd2a994dc-cbc0-11ed-a950-8e60b21ff602', 27, '17', 0, 'Anamoul Rouf', '', '0000000000 ', NULL, 0, '2023-03-26 16:27:34', '2023-03-26 16:27:34'),
(18, 'd2a9952c-cbc0-11ed-b810-8e60b21ff602', 21, '18', 0, 'Md. Iqbal', '', '0000000000 ', NULL, 0, '2023-03-26 16:27:34', '2023-03-26 16:27:34'),
(19, 'd2a9957c-cbc0-11ed-a7df-8e60b21ff602', 22, '19', 0, 'Naurin Ahmed', '', '0000000000 ', NULL, 0, '2023-03-26 16:27:34', '2023-03-26 16:27:34'),
(20, 'd2a995cc-cbc0-11ed-a93f-8e60b21ff602', 555, '20', 0, 'Mahmud Sizan', '', '0000000000 ', NULL, 0, '2023-03-26 16:27:34', '2023-03-26 16:27:34'),
(21, 'd2a9961c-cbc0-11ed-9e6f-8e60b21ff602', 24, '21', 0, 'Rashaya Yesmin', '', '0000000000 ', NULL, 0, '2023-03-26 16:27:34', '2023-03-26 16:27:34'),
(22, 'd2a99662-cbc0-11ed-a294-8e60b21ff602', 25, '22', 0, 'Navid Hasan', '', '0000000000 ', NULL, 0, '2023-03-26 16:27:34', '2023-03-26 16:27:34'),
(23, 'd2a996b2-cbc0-11ed-9257-8e60b21ff602', 70, '23', 0, 'Md. Mainuddin Mia', '', '0000000000 ', NULL, 0, '2023-03-26 16:27:34', '2023-03-26 16:27:34'),
(24, 'd2a99734-cbc0-11ed-8f83-8e60b21ff602', 219, '24', 0, 'Iftieaq Murshed', '', '0000000000 ', NULL, 0, '2023-03-26 16:27:34', '2023-03-26 16:27:34'),
(25, 'd2a99798-cbc0-11ed-9fb4-8e60b21ff602', 28, '25', 0, 'Aman Ullah', '', '0000000000 ', NULL, 0, '2023-03-26 16:27:34', '2023-03-26 16:27:34'),
(26, 'd2a99810-cbc0-11ed-b9a6-8e60b21ff602', 29, '26', 0, 'A.S.M Mobarak Hossain', '', '0000000000 ', NULL, 0, '2023-03-26 16:27:34', '2023-03-26 16:27:34'),
(27, 'd2a99888-cbc0-11ed-8ca3-8e60b21ff602', 5006, '27', 0, 'Habibur Rahman', '', '0000000000 ', NULL, 0, '2023-03-26 16:27:34', '2023-03-26 16:27:34'),
(28, 'd2a998f6-cbc0-11ed-a318-8e60b21ff602', 31, '28', 0, 'Zahangir Ahammad Bhuiyan', '', '0000000000 ', NULL, 0, '2023-03-26 16:27:34', '2023-03-26 16:27:34'),
(29, 'd2a9996e-cbc0-11ed-a317-8e60b21ff602', 32, '29', 0, 'Mostofa Hossain', '', '0000000000 ', NULL, 0, '2023-03-26 16:27:34', '2023-03-26 16:27:34'),
(30, 'd2a99a22-cbc0-11ed-92c9-8e60b21ff602', 5007, '30', 0, 'T.H.M Saquib Reza', '', '0000000000 ', NULL, 0, '2023-03-26 16:27:34', '2023-03-26 16:27:34'),
(31, 'd2a99a9a-cbc0-11ed-803f-8e60b21ff602', 202, '31', 0, 'Nowrin Jahan Tithly', '', '0000000000 ', NULL, 0, '2023-03-26 16:27:34', '2023-03-26 16:27:34'),
(32, 'd2a99b12-cbc0-11ed-b6a1-8e60b21ff602', 5008, '32', 0, 'Md Mehedee Hasan', '', '0000000000 ', NULL, 0, '2023-03-26 16:27:34', '2023-03-26 16:27:34'),
(33, 'd2a99be4-cbc0-11ed-a7e4-8e60b21ff602', 220, '33', 0, 'Nasrin Alam', '', '0000000000 ', NULL, 0, '2023-03-26 16:27:34', '2023-03-26 16:27:34'),
(34, 'd2a99c34-cbc0-11ed-a87e-8e60b21ff602', 226, '34', 0, 'Fahad Arafin', '', '0000000000 ', NULL, 0, '2023-03-26 16:27:34', '2023-03-26 16:27:34'),
(35, 'd2a99c84-cbc0-11ed-b01e-8e60b21ff602', 43, '35', 0, 'Shabbir Shamshad', '', '0000000000 ', NULL, 0, '2023-03-26 16:27:34', '2023-03-26 16:27:34'),
(36, 'd2a99cd4-cbc0-11ed-8c46-8e60b21ff602', 36, '36', 14, 'Lathiful Azam Badhon', '', '0000000000 ', NULL, 0, '2023-03-26 16:27:34', '2023-03-26 16:27:34'),
(37, 'd2a99d1a-cbc0-11ed-a193-8e60b21ff602', 227, '37', 0, 'Shafayat Khan', '', '0000000000 ', NULL, 0, '2023-03-26 16:27:34', '2023-03-26 16:27:34'),
(38, 'd2a99d6a-cbc0-11ed-8f92-8e60b21ff602', 211, '38', 14, 'Sayfuzzaman', '', '0000000000 ', NULL, 0, '2023-03-26 16:27:34', '2023-03-26 16:27:34'),
(39, 'd2a99dba-cbc0-11ed-b98e-8e60b21ff602', 166, '39', 0, 'Rakibul Islam', '', '0000000000 ', NULL, 0, '2023-03-26 16:27:34', '2023-03-26 16:27:34'),
(40, 'd2a99e0a-cbc0-11ed-aa1e-8e60b21ff602', 50, '40', 0, 'Md. Jubayar Hosan', '', '0000000000 ', NULL, 0, '2023-03-26 16:27:34', '2023-03-26 16:27:34'),
(41, 'd2a99e5a-cbc0-11ed-959a-8e60b21ff602', 222, '41', 0, 'Shohel Khan', '', '0000000000 ', NULL, 0, '2023-03-26 16:27:34', '2023-03-26 16:27:34'),
(42, 'd2a99eb4-cbc0-11ed-8628-8e60b21ff602', 38, '42', 0, '38', '', '0000000000 ', NULL, 0, '2023-03-26 16:27:34', '2023-03-26 16:27:34'),
(43, 'd2a99f04-cbc0-11ed-92a8-8e60b21ff602', 42, '43', 0, 'Mofassal Aziz', '', '0000000000 ', NULL, 0, '2023-03-26 16:27:34', '2023-03-26 16:27:34'),
(44, 'd2a99f5e-cbc0-11ed-a8ac-8e60b21ff602', 224, '44', 0, 'Fatema Akter Chaity', '', '0000000000 ', NULL, 0, '2023-03-26 16:27:34', '2023-03-26 16:27:34'),
(45, 'd2a99fc2-cbc0-11ed-8a07-8e60b21ff602', 55, '45', 0, 'Zubair Ibne Shams', '', '0000000000 ', NULL, 0, '2023-03-26 16:27:34', '2023-03-26 16:27:34'),
(46, 'd2a9a012-cbc0-11ed-a03d-8e60b21ff602', 56, '46', 0, 'SK. Arifuzzaman', '', '0000000000 ', NULL, 0, '2023-03-26 16:27:34', '2023-03-26 16:27:34'),
(47, 'd2a9a062-cbc0-11ed-b131-8e60b21ff602', 57, '47', 0, 'Shamiur Rahman', '', '0000000000 ', NULL, 0, '2023-03-26 16:27:34', '2023-03-26 16:27:34'),
(48, 'd2a9a0a8-cbc0-11ed-a084-8e60b21ff602', 58, '48', 0, 'Ahmed Taohid Rafi', '', '0000000000 ', NULL, 0, '2023-03-26 16:27:34', '2023-03-26 16:27:34'),
(49, 'd2a9a0f8-cbc0-11ed-b783-8e60b21ff602', 44, '49', 0, 'Sherin Akhter', '', '0000000000 ', NULL, 0, '2023-03-26 16:27:34', '2023-03-26 16:27:34'),
(50, 'd2a9a148-cbc0-11ed-b4a7-8e60b21ff602', 60, '50', 0, 'Shambhunath Biswas', '', '0000000000 ', NULL, 0, '2023-03-26 16:27:34', '2023-03-26 16:27:34'),
(51, 'd2a9a198-cbc0-11ed-ada0-8e60b21ff602', 217, '51', 0, 'Abdullah al Masud', '', '0000000000 ', NULL, 0, '2023-03-26 16:27:34', '2023-03-26 16:27:34'),
(52, 'd2a9a1e8-cbc0-11ed-9801-8e60b21ff602', 53, '52', 0, '53', '', '0000000000 ', NULL, 0, '2023-03-26 16:27:34', '2023-03-26 16:27:34'),
(53, 'd2a9a238-cbc0-11ed-8410-8e60b21ff602', 218, '53', 0, 'Mustakim', '', '0000000000 ', NULL, 0, '2023-03-26 16:27:34', '2023-03-26 16:27:34'),
(54, 'd2a9a288-cbc0-11ed-a0b5-8e60b21ff602', 59, '54', 0, 'Sayed Eaminul Islam', '', '0000000000 ', NULL, 0, '2023-03-26 16:27:34', '2023-03-26 16:27:34'),
(55, 'd2a9a2ce-cbc0-11ed-9177-8e60b21ff602', 62, '55', 0, 'Rayhana Sharmin', '', '0000000000 ', NULL, 0, '2023-03-26 16:27:34', '2023-03-26 16:27:34'),
(56, 'd2a9a31e-cbc0-11ed-91eb-8e60b21ff602', 66, '56', 0, 'Nazmuzzaman', '', '0000000000 ', NULL, 0, '2023-03-26 16:27:34', '2023-03-26 16:27:34'),
(57, 'd2a9a36e-cbc0-11ed-8033-8e60b21ff602', 367, '57', 0, 'Rafisa Anjuman Priya', '', '0000000000 ', NULL, 0, '2023-03-26 16:27:34', '2023-03-26 16:27:34'),
(58, 'd2a9a3be-cbc0-11ed-9add-8e60b21ff602', 69, '58', 0, 'Izaz Mahmud', '', '0000000000 ', NULL, 0, '2023-03-26 16:27:34', '2023-03-26 16:27:34'),
(59, 'd2a9a40e-cbc0-11ed-9b5c-8e60b21ff602', 500, '59', 0, 'Monjurul Hoque', '', '0000000000 ', NULL, 0, '2023-03-26 16:27:34', '2023-03-26 16:27:34'),
(60, 'd2a9a45e-cbc0-11ed-8e0c-8e60b21ff602', 74, '60', 0, 'Imran Mahmud Sadman', '', '0000000000 ', NULL, 0, '2023-03-26 16:27:34', '2023-03-26 16:27:34'),
(61, 'd2a9a4a4-cbc0-11ed-863b-8e60b21ff602', 72, '61', 0, 'Sohel Rana', '', '0000000000 ', NULL, 0, '2023-03-26 16:27:34', '2023-03-26 16:27:34'),
(62, 'd2a9a4f4-cbc0-11ed-9c41-8e60b21ff602', 73, '62', 0, 'Md. Rafiul Abed', '', '0000000000 ', NULL, 0, '2023-03-26 16:27:34', '2023-03-26 16:27:34'),
(63, 'd2a9a544-cbc0-11ed-b428-8e60b21ff602', 71, '63', 0, 'Md Mahafuj Khan Akash', '', '0000000000 ', NULL, 0, '2023-03-26 16:27:34', '2023-03-26 16:27:34'),
(64, 'd2a9a58a-cbc0-11ed-8725-8e60b21ff602', 75, '64', 0, '75', '', '0000000000 ', NULL, 0, '2023-03-26 16:27:34', '2023-03-26 16:27:34'),
(65, 'd2a9a5da-cbc0-11ed-9aa2-8e60b21ff602', 76, '65', 0, 'Abu Bakkar Siddique', '', '0000000000 ', NULL, 0, '2023-03-26 16:27:34', '2023-03-26 16:27:34'),
(66, 'd2a9a62a-cbc0-11ed-b35e-8e60b21ff602', 77, '66', 0, 'Shahzada', '', '0000000000 ', NULL, 0, '2023-03-26 16:27:34', '2023-03-26 16:27:34'),
(67, 'd2a9a67a-cbc0-11ed-beb5-8e60b21ff602', 207, '67', 0, 'Asaduzzaman Rana', '', '0000000000 ', NULL, 0, '2023-03-26 16:27:34', '2023-03-26 16:27:34'),
(68, 'd2a9a6c0-cbc0-11ed-8d8d-8e60b21ff602', 91, '68', 0, 'Shibly Sadik', '', '0000000000 ', NULL, 0, '2023-03-26 16:27:34', '2023-03-26 16:27:34'),
(69, 'd2a9a710-cbc0-11ed-bb1f-8e60b21ff602', 209, '69', 0, 'Fouzia Marzan', '', '0000000000 ', NULL, 0, '2023-03-26 16:27:34', '2023-03-26 16:27:34'),
(70, 'd2a9a8dc-cbc0-11ed-9da9-8e60b21ff602', 106, '70', 0, '106', '', '0000000000 ', NULL, 0, '2023-03-26 16:27:34', '2023-03-26 16:27:34'),
(71, 'd2a9a936-cbc0-11ed-b50d-8e60b21ff602', 212, '71', 0, 'Mohammed Asheql Islam', '', '0000000000 ', NULL, 0, '2023-03-26 16:27:34', '2023-03-26 16:27:34'),
(72, 'd2a9a986-cbc0-11ed-90d7-8e60b21ff602', 213, '72', 0, 'Rasal Ahmmed', '', '0000000000 ', NULL, 0, '2023-03-26 16:27:34', '2023-03-26 16:27:34'),
(73, 'd2a9a9d6-cbc0-11ed-8d88-8e60b21ff602', 84, '73', 0, 'Aparna', '', '0000000000 ', NULL, 0, '2023-03-26 16:27:34', '2023-03-26 16:27:34'),
(74, 'd2a9aa26-cbc0-11ed-89d6-8e60b21ff602', 229, '74', 0, 'Pawa Alam Chowra', '', '0000000000 ', NULL, 0, '2023-03-26 16:27:34', '2023-03-26 16:27:34'),
(75, 'd2a9aa76-cbc0-11ed-88e3-8e60b21ff602', 233, '75', 0, 'Md Jahid Hossain', '', '0000000000 ', NULL, 0, '2023-03-26 16:27:34', '2023-03-26 16:27:34'),
(76, 'd2a9aac6-cbc0-11ed-a600-8e60b21ff602', 87, '76', 0, 'Mehedi Hasan', '', '0000000000 ', NULL, 0, '2023-03-26 16:27:34', '2023-03-26 16:27:34'),
(77, 'd2a9ab16-cbc0-11ed-af22-8e60b21ff602', 107, '77', 0, 'Akib', '', '0000000000 ', NULL, 0, '2023-03-26 16:27:34', '2023-03-26 16:27:34'),
(78, 'd2a9ab5c-cbc0-11ed-8c73-8e60b21ff602', 111, '78', 0, '111', '', '0000000000 ', NULL, 0, '2023-03-26 16:27:34', '2023-03-26 16:27:34'),
(79, 'd2a9abac-cbc0-11ed-81fe-8e60b21ff602', 124, '79', 0, '124', '', '0000000000 ', NULL, 0, '2023-03-26 16:27:34', '2023-03-26 16:27:34'),
(80, 'd2a9abfc-cbc0-11ed-924a-8e60b21ff602', 130, '80', 0, 'Rumana Siddik', '', '0000000000 ', NULL, 0, '2023-03-26 16:27:34', '2023-03-26 16:27:34'),
(81, 'd2a9ac4c-cbc0-11ed-952f-8e60b21ff602', 92, '81', 0, 'Ishti Ahmed', '', '0000000000 ', NULL, 0, '2023-03-26 16:27:34', '2023-03-26 16:27:34'),
(82, 'd2a9ac9c-cbc0-11ed-9218-8e60b21ff602', 137, '82', 0, 'Abir bin Ayub', '', '0000000000 ', NULL, 0, '2023-03-26 16:27:34', '2023-03-26 16:27:34'),
(83, 'd2a9acec-cbc0-11ed-8f41-8e60b21ff602', 94, '83', 0, 'Nayeem', '', '0000000000 ', NULL, 0, '2023-03-26 16:27:34', '2023-03-26 16:27:34'),
(84, 'd2a9ad3c-cbc0-11ed-8ab5-8e60b21ff602', 152, '84', 0, 'Marzia Sultana', '', '0000000000 ', NULL, 0, '2023-03-26 16:27:34', '2023-03-26 16:27:34'),
(85, 'd2a9ad8c-cbc0-11ed-953e-8e60b21ff602', 215, '85', 0, 'ishrak uddin', '', '0000000000 ', NULL, 0, '2023-03-26 16:27:34', '2023-03-26 16:27:34'),
(86, 'd2a9addc-cbc0-11ed-84c9-8e60b21ff602', 2000, '86', 14, 'Zaman Aamra', '', '0000000000 ', NULL, 0, '2023-03-26 16:27:34', '2023-03-26 16:27:34'),
(87, 'd2a9ae2c-cbc0-11ed-8efe-8e60b21ff602', 172, '87', 0, 'Oneak', '', '0000000000 ', NULL, 0, '2023-03-26 16:27:34', '2023-03-26 16:27:34'),
(88, 'd2a9ae7c-cbc0-11ed-8f53-8e60b21ff602', 5001, '88', 0, '5001', '', '0000000000 ', NULL, 0, '2023-03-26 16:27:34', '2023-03-26 16:27:34'),
(89, 'd2a9af44-cbc0-11ed-a75e-8e60b21ff602', 156, '89', 0, 'Maruf Hossain', '', '0000000000 ', NULL, 0, '2023-03-26 16:27:34', '2023-03-26 16:27:34'),
(90, 'd2a9af94-cbc0-11ed-914b-8e60b21ff602', 237, '90', 0, 'Akib Shikder Neloy', '', '0000000000 ', NULL, 0, '2023-03-26 16:27:34', '2023-03-26 16:27:34'),
(91, 'd2a9afe4-cbc0-11ed-9027-8e60b21ff602', 102, '91', 0, 'Golam Rabbane', '', '0000000000 ', NULL, 0, '2023-03-26 16:27:34', '2023-03-26 16:27:34'),
(92, 'd2a9b034-cbc0-11ed-8cc0-8e60b21ff602', 157, '92', 0, 'Arif Mahmud Rana', '', '0000000000 ', NULL, 0, '2023-03-26 16:27:34', '2023-03-26 16:27:34'),
(93, 'd2a9b084-cbc0-11ed-9de5-8e60b21ff602', 104, '93', 0, 'Shohag Mia', '', '0000000000 ', NULL, 0, '2023-03-26 16:27:34', '2023-03-26 16:27:34'),
(94, 'd2a9b0de-cbc0-11ed-8fbb-8e60b21ff602', 239, '94', 0, 'Jarin Tasnim', '', '0000000000 ', NULL, 0, '2023-03-26 16:27:34', '2023-03-26 16:27:34'),
(95, 'd2a9b174-cbc0-11ed-8ad3-8e60b21ff602', 1000, '95', 0, 'Liton Ahmed', '', '0000000000 ', NULL, 0, '2023-03-26 16:27:34', '2023-03-26 16:27:34'),
(96, 'd2a9b1c4-cbc0-11ed-917a-8e60b21ff602', 240, '96', 0, 'Saiful Islam', '', '0000000000 ', NULL, 0, '2023-03-26 16:27:34', '2023-03-26 16:27:34'),
(97, 'd2a9b214-cbc0-11ed-ac72-8e60b21ff602', 5000, '97', 0, 'Amaya', '', '0000000000 ', NULL, 0, '2023-03-26 16:27:34', '2023-03-26 16:27:34'),
(98, 'd2a9b264-cbc0-11ed-9c9e-8e60b21ff602', 5, '98', 0, ' Ali Hossain', '', '0000000000 ', NULL, 0, '2023-03-26 16:27:34', '2023-03-26 16:27:34'),
(99, 'd2a9b2b4-cbc0-11ed-9aa2-8e60b21ff602', 161, '99', 0, 'Shihab Uddin', '', '0000000000 ', NULL, 0, '2023-03-26 16:27:34', '2023-03-26 16:27:34'),
(100, 'd2a9b304-cbc0-11ed-821e-8e60b21ff602', 105, '100', 0, 'Sabbir Ahamed', '', '0000000000 ', NULL, 0, '2023-03-26 16:27:34', '2023-03-26 16:27:34'),
(101, 'd2a9b354-cbc0-11ed-970a-8e60b21ff602', 168, '101', 0, 'Saiful Azam Tanvir', '', '0000000000 ', NULL, 0, '2023-03-26 16:27:34', '2023-03-26 16:27:34'),
(102, 'd2a9b3a4-cbc0-11ed-940e-8e60b21ff602', 241, '102', 0, 'Razib Parvej', '', '0000000000 ', NULL, 0, '2023-03-26 16:27:34', '2023-03-26 16:27:34'),
(103, 'd2a9b3f4-cbc0-11ed-bff9-8e60b21ff602', 108, '103', 0, 'Hasan Sikder', '', '0000000000 ', NULL, 0, '2023-03-26 16:27:34', '2023-03-26 16:27:34'),
(104, 'd2a9b444-cbc0-11ed-a591-8e60b21ff602', 169, '104', 0, 'Fida Kamal', '', '0000000000 ', NULL, 0, '2023-03-26 16:27:34', '2023-03-26 16:27:34'),
(105, 'd2a9b494-cbc0-11ed-9f3a-8e60b21ff602', 243, '105', 0, 'Sumana Mojumder', '', '0000000000 ', NULL, 0, '2023-03-26 16:27:34', '2023-03-26 16:27:34'),
(106, 'd2a9b4e4-cbc0-11ed-b721-8e60b21ff602', 180, '106', 0, 'Biplob Chandro Roy', '', '0000000000 ', NULL, 0, '2023-03-26 16:27:34', '2023-03-26 16:27:34'),
(107, 'd2a9b534-cbc0-11ed-93dd-8e60b21ff602', 143, '107', 0, 'Noushin Jahan', '', '0000000000 ', NULL, 0, '2023-03-26 16:27:34', '2023-03-26 16:27:34'),
(108, 'd2a9b584-cbc0-11ed-8fdc-8e60b21ff602', 176, '108', 0, 'Muhammad Hussain', '', '0000000000 ', NULL, 0, '2023-03-26 16:27:34', '2023-03-26 16:27:34'),
(109, 'd2a9b5d4-cbc0-11ed-8845-8e60b21ff602', 113, '109', 0, 'Shahabuddin Ahmed', '', '0000000000 ', NULL, 0, '2023-03-26 16:27:34', '2023-03-26 16:27:34'),
(110, 'd2a9b624-cbc0-11ed-9d08-8e60b21ff602', 114, '110', 0, 'Saiful Azam', '', '0000000000 ', NULL, 0, '2023-03-26 16:27:34', '2023-03-26 16:27:34'),
(111, 'd2a9b69c-cbc0-11ed-8567-8e60b21ff602', 115, '111', 0, 'Musfekur Rahman', '', '0000000000 ', NULL, 0, '2023-03-26 16:27:34', '2023-03-26 16:27:34'),
(112, 'd2a9b6ec-cbc0-11ed-90c1-8e60b21ff602', 185, '112', 0, 'Liton Kumar Shil', '', '0000000000 ', NULL, 0, '2023-03-26 16:27:34', '2023-03-26 16:27:34'),
(113, 'd2a9b782-cbc0-11ed-9100-8e60b21ff602', 244, '113', 0, 'Samiur Rahman Khan', '', '0000000000 ', NULL, 0, '2023-03-26 16:27:34', '2023-03-26 16:27:34'),
(114, 'd2a9b7d2-cbc0-11ed-ae50-8e60b21ff602', 118, '114', 0, 'Samir Barua', '', '0000000000 ', NULL, 0, '2023-03-26 16:27:34', '2023-03-26 16:27:34'),
(115, 'd2a9b822-cbc0-11ed-9115-8e60b21ff602', 119, '115', 0, 'Kicher Hamid', '', '0000000000 ', NULL, 0, '2023-03-26 16:27:34', '2023-03-26 16:27:34'),
(116, 'd2a9b872-cbc0-11ed-927d-8e60b21ff602', 246, '116', 0, 'Rahul', '', '0000000000 ', NULL, 0, '2023-03-26 16:27:34', '2023-03-26 16:27:34'),
(117, 'd2a9b8c2-cbc0-11ed-8960-8e60b21ff602', 121, '117', 0, 'Esmotara Yesmin', '', '0000000000 ', NULL, 0, '2023-03-26 16:27:34', '2023-03-26 16:27:34'),
(118, 'd2a9b912-cbc0-11ed-b5a6-8e60b21ff602', 122, '118', 0, 'Afzal Hussain', '', '0000000000 ', NULL, 0, '2023-03-26 16:27:34', '2023-03-26 16:27:34'),
(119, 'd2a9b962-cbc0-11ed-82be-8e60b21ff602', 5010, '119', 0, 'Leton Miah', '', '0000000000 ', NULL, 0, '2023-03-26 16:27:34', '2023-03-26 16:27:34'),
(120, 'd2a9b9b2-cbc0-11ed-a886-8e60b21ff602', 5011, '120', 0, 'Redwan', '', '0000000000 ', NULL, 0, '2023-03-26 16:27:34', '2023-03-26 16:27:34'),
(121, 'd2a9ba84-cbc0-11ed-869d-8e60b21ff602', 125, '121', 0, 'Pollobi Afrin', '', '0000000000 ', NULL, 0, '2023-03-26 16:27:34', '2023-03-26 16:27:34'),
(122, 'd2a9bad4-cbc0-11ed-9437-8e60b21ff602', 179, '122', 0, 'Asif Sabir Shuvo', '', '0000000000 ', NULL, 0, '2023-03-26 16:27:34', '2023-03-26 16:27:34'),
(123, 'd2a9bb42-cbc0-11ed-8fdd-8e60b21ff602', 127, '123', 0, 'Asaduzzaman Polash', '', '0000000000 ', NULL, 0, '2023-03-26 16:27:34', '2023-03-26 16:27:34'),
(124, 'd2a9bb88-cbc0-11ed-8ddc-8e60b21ff602', 129, '124', 0, 'Pavel', '', '0000000000 ', NULL, 0, '2023-03-26 16:27:34', '2023-03-26 16:27:34'),
(125, 'd2a9bbe2-cbc0-11ed-8e5d-8e60b21ff602', 181, '125', 0, 'Muhammad Ariful Islam', '', '0000000000 ', NULL, 0, '2023-03-26 16:27:34', '2023-03-26 16:27:34'),
(126, 'd2a9bc28-cbc0-11ed-88e9-8e60b21ff602', 5012, '126', 0, 'Asif Newaz', '', '0000000000 ', NULL, 0, '2023-03-26 16:27:34', '2023-03-26 16:27:34'),
(127, 'd2a9bc78-cbc0-11ed-9e78-8e60b21ff602', 131, '127', 0, 'Fahim Ahmmed', '', '0000000000 ', NULL, 0, '2023-03-26 16:27:34', '2023-03-26 16:27:34'),
(128, 'd2a9bcc8-cbc0-11ed-9c2a-8e60b21ff602', 248, '128', 0, 'Khaled Hasan Manna', '', '0000000000 ', NULL, 0, '2023-03-26 16:27:34', '2023-03-26 16:27:34'),
(129, 'd2a9bd18-cbc0-11ed-b80b-8e60b21ff602', 133, '129', 0, 'Rifat Alam', '', '0010747973 ', NULL, 0, '2023-03-26 16:27:34', '2023-03-26 16:27:34'),
(130, 'd2a9bd72-cbc0-11ed-89f8-8e60b21ff602', 249, '130', 0, 'Rakibul Hasan', '', '0000000000 ', NULL, 0, '2023-03-26 16:27:34', '2023-03-26 16:27:34'),
(131, 'd2a9bdc2-cbc0-11ed-9635-8e60b21ff602', 142, '131', 0, 'prince Das', '', '0000000000 ', NULL, 0, '2023-03-26 16:27:34', '2023-03-26 16:27:34'),
(132, 'd2a9be12-cbc0-11ed-98c0-8e60b21ff602', 136, '132', 0, 'Lubaba Mannan', '', '0000000000 ', NULL, 0, '2023-03-26 16:27:34', '2023-03-26 16:27:34'),
(133, 'd2a9be80-cbc0-11ed-8f3e-8e60b21ff602', 182, '133', 0, 'Md Salahuddin', '', '0000000000 ', NULL, 0, '2023-03-26 16:27:34', '2023-03-26 16:27:34'),
(134, 'd2a9bed0-cbc0-11ed-8248-8e60b21ff602', 138, '134', 0, 'Babul Ahmed', '', '0000000000 ', NULL, 0, '2023-03-26 16:27:34', '2023-03-26 16:27:34'),
(135, 'd2a9bf2a-cbc0-11ed-bdbb-8e60b21ff602', 139, '135', 0, 'Ferdousi yasmin', '', '0000000000 ', NULL, 0, '2023-03-26 16:27:34', '2023-03-26 16:27:34'),
(136, 'd2a9bf7a-cbc0-11ed-80ef-8e60b21ff602', 247, '136', 0, 'Fahim Shahriar', '', '0000000000 ', NULL, 0, '2023-03-26 16:27:34', '2023-03-26 16:27:34'),
(137, 'd2a9bfca-cbc0-11ed-8d1f-8e60b21ff602', 175, '137', 0, 'Ashiqur Rahman Rajon', '', '0000000000 ', NULL, 0, '2023-03-26 16:27:34', '2023-03-26 16:27:34'),
(138, 'd2a9c01a-cbc0-11ed-baa9-8e60b21ff602', 183, '138', 0, 'Abdullah al Mamun', '', '0000000000 ', NULL, 0, '2023-03-26 16:27:34', '2023-03-26 16:27:34'),
(139, 'd2a9c06a-cbc0-11ed-a21e-8e60b21ff602', 250, '139', 0, 'Mahfuzul Alam', '', '0000000000 ', NULL, 0, '2023-03-26 16:27:34', '2023-03-26 16:27:34'),
(140, 'd2a9c0ba-cbc0-11ed-a482-8e60b21ff602', 251, '140', 0, 'tuli Bhowmik', '', '0000000000 ', NULL, 0, '2023-03-26 16:27:34', '2023-03-26 16:27:34'),
(141, 'd2a9c10a-cbc0-11ed-98c1-8e60b21ff602', 184, '141', 0, 'Jahangir Alam Nayeem', '', '0000000000 ', NULL, 0, '2023-03-26 16:27:34', '2023-03-26 16:27:34'),
(142, 'd2a9c1d2-cbc0-11ed-ad41-8e60b21ff602', 146, '142', 0, 'Rakibul Islam', '', '0000000000 ', NULL, 0, '2023-03-26 16:27:34', '2023-03-26 16:27:34'),
(143, 'd2a9c236-cbc0-11ed-950f-8e60b21ff602', 147, '143', 0, 'Hasan al Mamun', '', '0000000000 ', NULL, 0, '2023-03-26 16:27:34', '2023-03-26 16:27:34'),
(144, 'd2a9c286-cbc0-11ed-bb34-8e60b21ff602', 5013, '144', 0, 'Tanvirul al Azad', '', '0000000000 ', NULL, 0, '2023-03-26 16:27:34', '2023-03-26 16:27:34'),
(145, 'd2a9c2d6-cbc0-11ed-a358-8e60b21ff602', 5014, '145', 0, 'Fahima Ahmed Toma', '', '0000000000 ', NULL, 0, '2023-03-26 16:27:34', '2023-03-26 16:27:34'),
(146, 'd2a9c326-cbc0-11ed-b4c2-8e60b21ff602', 162, '146', 0, 'Arka Barua', '', '0000000000 ', NULL, 0, '2023-03-26 16:27:34', '2023-03-26 16:27:34'),
(147, 'd2a9c376-cbc0-11ed-bfbd-8e60b21ff602', 5015, '147', 0, 'Mizanur Rahman', '', '0000000000 ', NULL, 0, '2023-03-26 16:27:34', '2023-03-26 16:27:34'),
(148, 'd2a9c3e4-cbc0-11ed-bedb-8e60b21ff602', 186, '148', 0, 'Subra joy Barua', '', '0000000000 ', NULL, 0, '2023-03-26 16:27:34', '2023-03-26 16:27:34'),
(149, 'd2a9c434-cbc0-11ed-b0ef-8e60b21ff602', 163, '149', 0, 'Bushra Sabah', '', '0000000000 ', NULL, 0, '2023-03-26 16:27:34', '2023-03-26 16:27:34'),
(150, 'd2a9c48e-cbc0-11ed-9e11-8e60b21ff602', 154, '150', 0, 'Mohammad Sujon Mia', '', '0000000000 ', NULL, 0, '2023-03-26 16:27:34', '2023-03-26 16:27:34'),
(151, 'd2a9c4de-cbc0-11ed-9a9c-8e60b21ff602', 155, '151', 0, 'Shahid Miah', '', '0000000000 ', NULL, 0, '2023-03-26 16:27:34', '2023-03-26 16:27:34'),
(152, 'd2a9c52e-cbc0-11ed-b789-8e60b21ff602', 187, '152', 0, 'Shamir Imtiaz', '', '0000000000 ', NULL, 0, '2023-03-26 16:27:34', '2023-03-26 16:27:34'),
(153, 'd2a9c57e-cbc0-11ed-807b-8e60b21ff602', 199, '153', 0, 'Sauviq Sarker', '', '0000000000 ', NULL, 0, '2023-03-26 16:27:34', '2023-03-26 16:27:34'),
(154, 'd2a9c5ce-cbc0-11ed-ab5e-8e60b21ff602', 200, '154', 0, 'Fahad bin Yousuf', '', '0000000000 ', NULL, 0, '2023-03-26 16:27:34', '2023-03-26 16:27:34'),
(155, 'd2a9c614-cbc0-11ed-bd8e-8e60b21ff602', 159, '155', 0, 'Apurba Ritchil', '', '0000000000 ', NULL, 0, '2023-03-26 16:27:34', '2023-03-26 16:27:34'),
(156, 'd2a9c664-cbc0-11ed-b04e-8e60b21ff602', 205, '156', 0, 'Mohammad Saifullah', '', '0000000000 ', NULL, 0, '2023-03-26 16:27:34', '2023-03-26 16:27:34'),
(157, 'd2a9c6c8-cbc0-11ed-ba7c-8e60b21ff602', 208, '157', 0, 'Saiyara Nawar Ahmed', '', '0000000000 ', NULL, 0, '2023-03-26 16:27:34', '2023-03-26 16:27:34'),
(158, 'd2a9c718-cbc0-11ed-af65-8e60b21ff602', 210, '158', 0, 'Fatema Akter', '', '0000000000 ', NULL, 0, '2023-03-26 16:27:34', '2023-03-26 16:27:34'),
(159, 'd2a9c768-cbc0-11ed-ade8-8e60b21ff602', 214, '159', 0, 'Rubel Barua', '', '0000000000 ', NULL, 0, '2023-03-26 16:27:34', '2023-03-26 16:27:34'),
(160, 'd2a9c86c-cbc0-11ed-82dc-8e60b21ff602', 221, '160', 0, 'Golam Mohosin', '', '0000000000 ', NULL, 0, '2023-03-26 16:27:34', '2023-03-26 16:27:34'),
(161, 'd2a9c90c-cbc0-11ed-a83b-8e60b21ff602', 3000, '161', 0, 'Tanveer Ali', '', '0000000000 ', NULL, 0, '2023-03-26 16:27:34', '2023-03-26 16:27:34'),
(162, 'd2a9c95c-cbc0-11ed-929f-8e60b21ff602', 292, '162', 0, 'Hoshna Akter', '', '0000000000 ', NULL, 0, '2023-03-26 16:27:34', '2023-03-26 16:27:34'),
(163, 'd2a9c9de-cbc0-11ed-90c2-8e60b21ff602', 228, '163', 0, 'Shamsuddin Sohag', '', '0000000000 ', NULL, 0, '2023-03-26 16:27:34', '2023-03-26 16:27:34'),
(164, 'd2a9ca38-cbc0-11ed-9d40-8e60b21ff602', 230, '164', 0, 'Sazid Hossain', '', '0000000000 ', NULL, 0, '2023-03-26 16:27:34', '2023-03-26 16:27:34'),
(165, 'd2a9ca88-cbc0-11ed-b986-8e60b21ff602', 231, '165', 0, 'Shahed Mohiuddin', '', '0000000000 ', NULL, 0, '2023-03-26 16:27:34', '2023-03-26 16:27:34'),
(166, 'd2a9cae2-cbc0-11ed-aaff-8e60b21ff602', 232, '166', 0, 'Zahid Hossain', '', '0000000000 ', NULL, 0, '2023-03-26 16:27:34', '2023-03-26 16:27:34'),
(167, 'd2a9cb32-cbc0-11ed-8292-8e60b21ff602', 234, '167', 0, 'Sadia Khan', '', '0000000000 ', NULL, 0, '2023-03-26 16:27:34', '2023-03-26 16:27:34'),
(168, 'd2a9cb82-cbc0-11ed-be74-8e60b21ff602', 188, '168', 0, 'Fauzia Olee', '', '0000000000 ', NULL, 0, '2023-03-26 16:27:34', '2023-03-26 16:27:34'),
(169, 'd2a9cbd2-cbc0-11ed-a143-8e60b21ff602', 189, '169', 0, 'Nazmul Islam Sumon', '', '0000000000 ', NULL, 0, '2023-03-26 16:27:34', '2023-03-26 16:27:34'),
(170, 'd2a9cc22-cbc0-11ed-90d7-8e60b21ff602', 191, '170', 0, 'Sohel Uddin', '', '0000000000 ', NULL, 0, '2023-03-26 16:27:34', '2023-03-26 16:27:34'),
(171, 'd2a9cc68-cbc0-11ed-87ca-8e60b21ff602', 235, '171', 0, 'Nasik Ali Khan', '', '0000000000 ', NULL, 0, '2023-03-26 16:27:34', '2023-03-26 16:27:34'),
(172, 'd2a9ccc2-cbc0-11ed-911b-8e60b21ff602', 5002, '172', 0, 'Fahad', '', '0000000000 ', NULL, 0, '2023-03-26 16:27:34', '2023-03-26 16:27:34'),
(173, 'd2a9cd08-cbc0-11ed-baff-8e60b21ff602', 5003, '173', 0, 'Masud', '', '0000000000 ', NULL, 0, '2023-03-26 16:27:34', '2023-03-26 16:27:34'),
(174, 'd2a9cd6c-cbc0-11ed-a6d3-8e60b21ff602', 236, '174', 0, 'Anisur Rahma', '', '0000000000 ', NULL, 0, '2023-03-26 16:27:34', '2023-03-26 16:27:34'),
(175, 'd2a9cdbc-cbc0-11ed-80b0-8e60b21ff602', 238, '175', 0, 'Md Muksetul Islam', '', '0000000000 ', NULL, 0, '2023-03-26 16:27:34', '2023-03-26 16:27:34'),
(176, 'd2a9ce0c-cbc0-11ed-9b9f-8e60b21ff602', 242, '176', 0, 'Rafsanjuny', '', '0000000000 ', NULL, 0, '2023-03-26 16:27:34', '2023-03-26 16:27:34'),
(177, 'd2a9ce5c-cbc0-11ed-ae3c-8e60b21ff602', 192, '177', 0, 'Emon Ahmed', '', '0000000000 ', NULL, 0, '2023-03-26 16:27:34', '2023-03-26 16:27:34'),
(178, 'd2a9cede-cbc0-11ed-93ea-8e60b21ff602', 193, '178', 0, 'Mainul Hasan', '', '0000000000 ', NULL, 0, '2023-03-26 16:27:34', '2023-03-26 16:27:34'),
(179, 'd2a9cf2e-cbc0-11ed-b28c-8e60b21ff602', 194, '179', 0, 'Suraiya Parvin', '', '0000000000 ', NULL, 0, '2023-03-26 16:27:34', '2023-03-26 16:27:34'),
(180, 'd2a9cf74-cbc0-11ed-9b72-8e60b21ff602', 195, '180', 0, 'Arup Ratan Barua', '', '0000000000 ', NULL, 0, '2023-03-26 16:27:34', '2023-03-26 16:27:34'),
(181, 'd2a9cfc4-cbc0-11ed-9eb7-8e60b21ff602', 196, '181', 0, 'Inzamam Haque', '', '0000000000 ', NULL, 0, '2023-03-26 16:27:34', '2023-03-26 16:27:34'),
(182, 'd2a9d014-cbc0-11ed-8e77-8e60b21ff602', 197, '182', 0, 'Saud Faisal', '', '0000000000 ', NULL, 0, '2023-03-26 16:27:34', '2023-03-26 16:27:34'),
(183, 'd2a9d064-cbc0-11ed-9d86-8e60b21ff602', 198, '183', 0, 'Sahida Sumi', '', '0000000000 ', NULL, 0, '2023-03-26 16:27:34', '2023-03-26 16:27:34'),
(184, 'd2a9d0b4-cbc0-11ed-9340-8e60b21ff602', 245, '184', 0, 'Golam Kibria', '', '0000000000 ', NULL, 0, '2023-03-26 16:27:34', '2023-03-26 16:27:34'),
(185, 'd2a9d17c-cbc0-11ed-9879-8e60b21ff602', 252, '185', 0, 'Sadia Jahan', '', '0000000000 ', NULL, 0, '2023-03-26 16:27:34', '2023-03-26 16:27:34'),
(186, 'd2a9d1c2-cbc0-11ed-8c0b-8e60b21ff602', 203, '186', 0, 'Fahim Foysal', '', '0000000000 ', NULL, 0, '2023-03-26 16:27:34', '2023-03-26 16:27:34'),
(187, 'd2a9d212-cbc0-11ed-96e5-8e60b21ff602', 204, '187', 0, 'Riesh Ahmed', '', '0000000000 ', NULL, 0, '2023-03-26 16:27:34', '2023-03-26 16:27:34'),
(188, 'd2a9d262-cbc0-11ed-850b-8e60b21ff602', 6000, '188', 0, '6000', '', '0000000000 ', NULL, 0, '2023-03-26 16:27:34', '2023-03-26 16:27:34'),
(189, 'd2a9d2c6-cbc0-11ed-b98e-8e60b21ff602', 12341, '189', 0, '12341', '', '0000000000 ', NULL, 0, '2023-03-26 16:27:34', '2023-03-26 16:27:34'),
(190, 'd2a9d316-cbc0-11ed-a837-8e60b21ff602', 206, '190', 14, 'Anik Chowdhury', '', '0000000000 ', NULL, 0, '2023-03-26 16:27:34', '2023-03-26 16:27:34'),
(191, 'd2a9d366-cbc0-11ed-8012-8e60b21ff602', 12594, '191', 0, '12594', '', '0000000000 ', NULL, 0, '2023-03-26 16:27:34', '2023-03-26 16:27:34'),
(192, 'd2a9d3b6-cbc0-11ed-bc13-8e60b21ff602', 5016, '192', 0, 'Murshidul Hasan', '', '0000000000 ', NULL, 0, '2023-03-26 16:27:34', '2023-03-26 16:27:34'),
(193, 'd2a9d406-cbc0-11ed-bd16-8e60b21ff602', 253, '193', 0, 'Kausar Islam', '', '0000000000 ', NULL, 0, '2023-03-26 16:27:34', '2023-03-26 16:27:34'),
(194, 'd2a9d456-cbc0-11ed-8d69-8e60b21ff602', 254, '194', 0, 'Pobon', '', '0000000000 ', NULL, 0, '2023-03-26 16:27:34', '2023-03-26 16:27:34'),
(195, 'd2a9d4a6-cbc0-11ed-9bb0-8e60b21ff602', 255, '195', 0, 'Muslim Uddin', '', '0000000000 ', NULL, 0, '2023-03-26 16:27:34', '2023-03-26 16:27:34'),
(196, 'd2a9d532-cbc0-11ed-83aa-8e60b21ff602', 256, '196', 0, 'Mahfuzur Rahman', '', '0000000000 ', NULL, 0, '2023-03-26 16:27:34', '2023-03-26 16:27:34'),
(197, 'd2a9d582-cbc0-11ed-99b0-8e60b21ff602', 257, '197', 0, 'Nirjan Bhadra', '', '0000000000 ', NULL, 0, '2023-03-26 16:27:34', '2023-03-26 16:27:34'),
(198, 'd2a9d5d2-cbc0-11ed-a250-8e60b21ff602', 258, '198', 0, 'Shaheen Ara Begum', '', '0000000000 ', NULL, 0, '2023-03-26 16:27:34', '2023-03-26 16:27:34'),
(199, 'd2a9d622-cbc0-11ed-8c19-8e60b21ff602', 259, '199', 0, 'Sabit Hossain', '', '0000000000 ', NULL, 0, '2023-03-26 16:27:34', '2023-03-26 16:27:34'),
(200, 'd2a9d672-cbc0-11ed-a3cb-8e60b21ff602', 5017, '200', 0, 'Sujan Saha', '', '0000000000 ', NULL, 0, '2023-03-26 16:27:34', '2023-03-26 16:27:34'),
(201, 'd2a9d6b8-cbc0-11ed-8b76-8e60b21ff602', 260, '201', 0, 'Imran', '', '0000000000 ', NULL, 0, '2023-03-26 16:27:34', '2023-03-26 16:27:34'),
(202, 'd2a9d708-cbc0-11ed-91ee-8e60b21ff602', 126, '202', 0, 'Momen', '', '0000000000 ', NULL, 0, '2023-03-26 16:27:34', '2023-03-26 16:27:34'),
(203, 'd2a9d758-cbc0-11ed-8954-8e60b21ff602', 261, '203', 0, 'Tajmul Hossain', '', '0000000000 ', NULL, 0, '2023-03-26 16:27:34', '2023-03-26 16:27:34'),
(204, 'd2a9d7a8-cbc0-11ed-8878-8e60b21ff602', 307, '204', 0, 'Waliullah Eamin', '', '0000000000 ', NULL, 0, '2023-03-26 16:27:34', '2023-03-26 16:27:34'),
(205, 'd2a9d7f8-cbc0-11ed-ac5f-8e60b21ff602', 263, '205', 0, 'MD RIMAN', '', '0000000000 ', NULL, 0, '2023-03-26 16:27:34', '2023-03-26 16:27:34'),
(206, 'd2a9d83e-cbc0-11ed-9721-8e60b21ff602', 264, '206', 0, 'Sanaul Haque Niloy', '', '0000000000 ', NULL, 0, '2023-03-26 16:27:34', '2023-03-26 16:27:34'),
(207, 'd2a9d88e-cbc0-11ed-b242-8e60b21ff602', 223, '207', 0, 'Ashraf Uddin Khan', '', '0000000000 ', NULL, 0, '2023-03-26 16:27:34', '2023-03-26 16:27:34'),
(208, 'd2a9d8de-cbc0-11ed-bf55-8e60b21ff602', 269, '208', 14, 'Ashiqur Rahman', '', '0000000000 ', NULL, 0, '2023-03-26 16:27:34', '2023-03-26 16:27:34'),
(209, 'd2a9d92e-cbc0-11ed-9265-8e60b21ff602', 267, '209', 0, 'Vicky Gonsalves', '', '0000000000 ', NULL, 0, '2023-03-26 16:27:34', '2023-03-26 16:27:34'),
(210, 'd2a9d974-cbc0-11ed-98a9-8e60b21ff602', 265, '210', 0, 'Amit Kundu', '', '0000000000 ', NULL, 0, '2023-03-26 16:27:34', '2023-03-26 16:27:34'),
(211, 'd2a9d9c4-cbc0-11ed-9c8f-8e60b21ff602', 268, '211', 0, 'Md Razu Ahammad', '', '0000000000 ', NULL, 0, '2023-03-26 16:27:34', '2023-03-26 16:27:34'),
(212, 'd2a9da14-cbc0-11ed-b276-8e60b21ff602', 5018, '212', 0, 'Tuhin', '', '0000000000 ', NULL, 0, '2023-03-26 16:27:34', '2023-03-26 16:27:34'),
(213, 'd2a9da64-cbc0-11ed-b611-8e60b21ff602', 5019, '213', 0, 'Anwara Parveen', '', '0000000000 ', NULL, 0, '2023-03-26 16:27:34', '2023-03-26 16:27:34'),
(214, 'd2a9daaa-cbc0-11ed-95b0-8e60b21ff602', 266, '214', 0, 'Md Noyon', '', '0000000000 ', NULL, 0, '2023-03-26 16:27:34', '2023-03-26 16:27:34'),
(215, 'd2a9dafa-cbc0-11ed-9a67-8e60b21ff602', 270, '215', 0, 'Jahid Hasan', '', '0000000000 ', NULL, 0, '2023-03-26 16:27:34', '2023-03-26 16:27:34'),
(216, 'd2a9db4a-cbc0-11ed-96fa-8e60b21ff602', 271, '216', 0, 'Pragna Laboni', '', '0000000000 ', NULL, 0, '2023-03-26 16:27:34', '2023-03-26 16:27:34'),
(217, 'd2a9db9a-cbc0-11ed-8a55-8e60b21ff602', 272, '217', 0, 'Saiful Islam', '', '0000000000 ', NULL, 0, '2023-03-26 16:27:34', '2023-03-26 16:27:34'),
(218, 'd2a9dbea-cbc0-11ed-ba14-8e60b21ff602', 273, '218', 0, 'Md Taukir Hossen', '', '0000000000 ', NULL, 0, '2023-03-26 16:27:34', '2023-03-26 16:27:34'),
(219, 'd2a9dc3a-cbc0-11ed-ac8b-8e60b21ff602', 274, '219', 0, 'Aquib Abdullah', '', '0000000000 ', NULL, 0, '2023-03-26 16:27:34', '2023-03-26 16:27:34'),
(220, 'd2a9dc80-cbc0-11ed-81c8-8e60b21ff602', 275, '220', 0, 'Sajid Hasan', '', '0000000000 ', NULL, 0, '2023-03-26 16:27:34', '2023-03-26 16:27:34'),
(221, 'd2a9dcd0-cbc0-11ed-be73-8e60b21ff602', 276, '221', 0, 'Moshfique Us Shalehin', '', '0000000000 ', NULL, 0, '2023-03-26 16:27:34', '2023-03-26 16:27:34'),
(222, 'd2a9dd20-cbc0-11ed-af01-8e60b21ff602', 12854, '222', 0, '12854', '', '0000000000 ', NULL, 0, '2023-03-26 16:27:34', '2023-03-26 16:27:34'),
(223, 'd2a9dd70-cbc0-11ed-8c64-8e60b21ff602', 12855, '223', 0, '12855', '', '0000000000 ', NULL, 0, '2023-03-26 16:27:34', '2023-03-26 16:27:34'),
(224, 'd2a9ddc0-cbc0-11ed-a088-8e60b21ff602', 12857, '224', 0, '12857', '', '0000000000 ', NULL, 0, '2023-03-26 16:27:34', '2023-03-26 16:27:34'),
(225, 'd2a9de06-cbc0-11ed-9bab-8e60b21ff602', 13368, '225', 0, '13368', '', '0000000000 ', NULL, 0, '2023-03-26 16:27:34', '2023-03-26 16:27:34'),
(226, 'd2a9de56-cbc0-11ed-bece-8e60b21ff602', 13618, '226', 0, '13618', '', '0000000000 ', NULL, 0, '2023-03-26 16:27:34', '2023-03-26 16:27:34'),
(227, 'd2a9dea6-cbc0-11ed-9824-8e60b21ff602', 14130, '227', 0, '14130', '', '0000000000 ', NULL, 0, '2023-03-26 16:27:34', '2023-03-26 16:27:34'),
(228, 'd2a9def6-cbc0-11ed-bb7b-8e60b21ff602', 3158322, '228', 0, '3158322', '', '0000000000 ', NULL, 0, '2023-03-26 16:27:34', '2023-03-26 16:27:34'),
(229, 'd2a9df3c-cbc0-11ed-ae0e-8e60b21ff602', 3158578, '229', 0, '3158578', '', '0000000000 ', NULL, 0, '2023-03-26 16:27:34', '2023-03-26 16:27:34'),
(230, 'd2a9df8c-cbc0-11ed-901f-8e60b21ff602', 3223858, '230', 0, '3223858', '', '0000000000 ', NULL, 0, '2023-03-26 16:27:34', '2023-03-26 16:27:34'),
(231, 'd2a9dfdc-cbc0-11ed-b666-8e60b21ff602', 3225137, '231', 0, '3225137', '', '0000000000 ', NULL, 0, '2023-03-26 16:27:34', '2023-03-26 16:27:34'),
(232, 'd2a9e022-cbc0-11ed-9e0c-8e60b21ff602', 3225649, '232', 0, '3225649', '', '0000000000 ', NULL, 0, '2023-03-26 16:27:34', '2023-03-26 16:27:34'),
(233, 'd2a9e072-cbc0-11ed-8e49-8e60b21ff602', 3289138, '233', 0, '3289138', '', '0000000000 ', NULL, 0, '2023-03-26 16:27:34', '2023-03-26 16:27:34'),
(234, 'd2a9e0c2-cbc0-11ed-a776-8e60b21ff602', 3420465, '234', 0, '3420465', '', '0000000000 ', NULL, 0, '2023-03-26 16:27:34', '2023-03-26 16:27:34'),
(235, 'd2a9e112-cbc0-11ed-a1ce-8e60b21ff602', 3486001, '235', 0, '3486001', '', '0000000000 ', NULL, 0, '2023-03-26 16:27:34', '2023-03-26 16:27:34'),
(236, 'd2a9e162-cbc0-11ed-a455-8e60b21ff602', 3487025, '236', 0, '3487025', '', '0000000000 ', NULL, 0, '2023-03-26 16:27:34', '2023-03-26 16:27:34'),
(237, 'd2a9e1b2-cbc0-11ed-8c32-8e60b21ff602', 3551282, '237', 0, '3551282', '', '0000000000 ', NULL, 0, '2023-03-26 16:27:34', '2023-03-26 16:27:34'),
(238, 'd2a9e1f8-cbc0-11ed-8f75-8e60b21ff602', 3552817, '238', 0, '3552817', '', '0000000000 ', NULL, 0, '2023-03-26 16:27:34', '2023-03-26 16:27:34'),
(239, 'd2a9e248-cbc0-11ed-8e3b-8e60b21ff602', 3616818, '239', 0, '3616818', '', '0000000000 ', NULL, 0, '2023-03-26 16:27:34', '2023-03-26 16:27:34'),
(240, 'd2a9e298-cbc0-11ed-ba9d-8e60b21ff602', 3617074, '240', 0, '3617074', '', '0000000000 ', NULL, 0, '2023-03-26 16:27:34', '2023-03-26 16:27:34'),
(241, 'd2a9e2de-cbc0-11ed-91f2-8e60b21ff602', 3618097, '241', 0, '3618097', '', '0000000000 ', NULL, 0, '2023-03-26 16:27:34', '2023-03-26 16:27:34'),
(242, 'd2a9e32e-cbc0-11ed-b966-8e60b21ff602', 3619121, '242', 0, '3619121', '', '0000000000 ', NULL, 0, '2023-03-26 16:27:34', '2023-03-26 16:27:34'),
(243, 'd2a9e37e-cbc0-11ed-a3b0-8e60b21ff602', 3682354, '243', 0, '3682354', '', '0000000000 ', NULL, 0, '2023-03-26 16:27:34', '2023-03-26 16:27:34'),
(244, 'd2a9e3ce-cbc0-11ed-bb3a-8e60b21ff602', 959459381, '244', 0, '959459381', '', '0000000000 ', NULL, 0, '2023-03-26 16:27:34', '2023-03-26 16:27:34'),
(245, 'd2a9e41e-cbc0-11ed-94f1-8e60b21ff602', 277, '245', 0, 'Tawhidur Rahman', '', '0000000000 ', NULL, 0, '2023-03-26 16:27:34', '2023-03-26 16:27:34'),
(246, 'd2a9e46e-cbc0-11ed-965f-8e60b21ff602', 5020, '246', 0, 'Md Hamiduzzaman', '', '0000000000 ', NULL, 0, '2023-03-26 16:27:34', '2023-03-26 16:27:34'),
(247, 'd2a9e4b4-cbc0-11ed-8e71-8e60b21ff602', 5021, '247', 0, 'Md Selim Azad', '', '0000000000 ', NULL, 0, '2023-03-26 16:27:34', '2023-03-26 16:27:34'),
(248, 'd2a9e504-cbc0-11ed-a460-8e60b21ff602', 278, '248', 0, 'MD SHAHRIAR PARVEZ', '', '0000000000 ', NULL, 0, '2023-03-26 16:27:34', '2023-03-26 16:27:34'),
(249, 'd2a9e554-cbc0-11ed-a020-8e60b21ff602', 284, '249', 0, 'Sanjida Hridi', '', '0000000000 ', NULL, 0, '2023-03-26 16:27:34', '2023-03-26 16:27:34'),
(250, 'd2a9e5a4-cbc0-11ed-8931-8e60b21ff602', 283, '250', 0, 'Shahriar Ahmed Ayon', '', '0000000000 ', NULL, 0, '2023-03-26 16:27:34', '2023-03-26 16:27:34'),
(251, 'd2a9e5f4-cbc0-11ed-8a60-8e60b21ff602', 282, '251', 0, 'Asif Nowwhad Khan', '', '0000000000 ', NULL, 0, '2023-03-26 16:27:34', '2023-03-26 16:27:34'),
(252, 'd2a9e644-cbc0-11ed-8b6b-8e60b21ff602', 294, '252', 0, 'Md Ruhul Karim', '', '0000000000 ', NULL, 0, '2023-03-26 16:27:34', '2023-03-26 16:27:34'),
(253, 'd2a9e694-cbc0-11ed-af33-8e60b21ff602', 279, '253', 0, 'Md Mahmudul Hasan', '', '0000000000 ', NULL, 0, '2023-03-26 16:27:34', '2023-03-26 16:27:34'),
(254, 'd2a9e6da-cbc0-11ed-aee6-8e60b21ff602', 280, '254', 0, 'Kazi Zamil Hasan', '', '0000000000 ', NULL, 0, '2023-03-26 16:27:34', '2023-03-26 16:27:34'),
(255, 'd2a9e72a-cbc0-11ed-95ad-8e60b21ff602', 281, '255', 0, 'SYEDA TASNIM ISLAM ZARIN', '', '0000000000 ', NULL, 0, '2023-03-26 16:27:34', '2023-03-26 16:27:34'),
(256, 'd2a9e77a-cbc0-11ed-b239-8e60b21ff602', 312, '256', 0, 'MD JEWEL RANA', '', '0000000000 ', NULL, 0, '2023-03-26 16:27:34', '2023-03-26 16:27:34'),
(257, 'd2a9e7c0-cbc0-11ed-988a-8e60b21ff602', 347, '257', 0, 'Salsabil Tabassum', '', '0000000000 ', NULL, 0, '2023-03-26 16:27:34', '2023-03-26 16:27:34'),
(258, 'd2a9e81a-cbc0-11ed-9291-8e60b21ff602', 286, '258', 0, '286', '', '0000000000 ', NULL, 0, '2023-03-26 16:27:34', '2023-03-26 16:27:34'),
(259, 'd2a9e86a-cbc0-11ed-8e50-8e60b21ff602', 287, '259', 0, 'Jasmin Akter', '', '0000000000 ', NULL, 0, '2023-03-26 16:27:34', '2023-03-26 16:27:34'),
(260, 'd2a9e8ba-cbc0-11ed-aad6-8e60b21ff602', 289, '260', 0, 'Md.Ashiqur Rahman', '', '0000000000 ', NULL, 0, '2023-03-26 16:27:34', '2023-03-26 16:27:34'),
(261, 'd2a9e90a-cbc0-11ed-863b-8e60b21ff602', 288, '261', 0, '288', '', '0000000000 ', NULL, 0, '2023-03-26 16:27:34', '2023-03-26 16:27:34'),
(262, 'd2a9e950-cbc0-11ed-b4ab-8e60b21ff602', 290, '262', 0, 'Nur Mohammad ', '', '0000000000 ', NULL, 0, '2023-03-26 16:27:34', '2023-03-26 16:27:34'),
(263, 'd2a9e9a0-cbc0-11ed-a186-8e60b21ff602', 291, '263', 0, '291', '', '0010761286 ', NULL, 0, '2023-03-26 16:27:34', '2023-03-26 16:27:34'),
(264, 'd2a9e9f0-cbc0-11ed-bed9-8e60b21ff602', 293, '264', 0, '293', '', '0000000000 ', NULL, 0, '2023-03-26 16:27:34', '2023-03-26 16:27:34'),
(265, 'd2a9ea40-cbc0-11ed-8cae-8e60b21ff602', 5022, '265', 0, '5022', '', '0000000000 ', NULL, 0, '2023-03-26 16:27:34', '2023-03-26 16:27:34'),
(266, 'd2a9ea86-cbc0-11ed-ac2e-8e60b21ff602', 331, '266', 0, 'Forid Hossain', '', '0000000000 ', NULL, 0, '2023-03-26 16:27:34', '2023-03-26 16:27:34'),
(267, 'd2a9ead6-cbc0-11ed-88c5-8e60b21ff602', 5023, '267', 0, 'Mofassal Aziz', '', '0000000000 ', NULL, 0, '2023-03-26 16:27:34', '2023-03-26 16:27:34'),
(268, 'd2a9eb26-cbc0-11ed-8db2-8e60b21ff602', 299, '268', 0, 'Abdul Malek', '', '0000000000 ', NULL, 0, '2023-03-26 16:27:34', '2023-03-26 16:27:34'),
(269, 'd2a9eb76-cbc0-11ed-8fa0-8e60b21ff602', 5034, '269', 0, 'MUHTASIM ULFAT', '', '0000000000 ', NULL, 0, '2023-03-26 16:27:34', '2023-03-26 16:27:34'),
(270, 'd2a9ebbc-cbc0-11ed-aafa-8e60b21ff602', 301, '270', 0, 'Syeda Afrin', '', '0000000000 ', NULL, 0, '2023-03-26 16:27:34', '2023-03-26 16:27:34'),
(271, 'd2a9ec0c-cbc0-11ed-81f9-8e60b21ff602', 15, '271', 0, 'AK Fazlul Haque', '', '0000000000 ', NULL, 0, '2023-03-26 16:27:34', '2023-03-26 16:27:34'),
(272, 'd2a9ec5c-cbc0-11ed-b767-8e60b21ff602', 304, '272', 0, 'STM Nuruddin Sharif', '', '0000000000 ', NULL, 0, '2023-03-26 16:27:34', '2023-03-26 16:27:34'),
(273, 'd2a9ecac-cbc0-11ed-a753-8e60b21ff602', 303, '273', 0, 'Abdullah AL Mamun', '', '0000000000 ', NULL, 0, '2023-03-26 16:27:34', '2023-03-26 16:27:34'),
(274, 'd2a9ecfc-cbc0-11ed-b51b-8e60b21ff602', 305, '274', 0, 'Md Zubayer Abedin', '', '0008286413 ', NULL, 0, '2023-03-26 16:27:34', '2023-03-26 16:27:34'),
(275, 'd2a9ed4c-cbc0-11ed-859d-8e60b21ff602', 262, '275', 0, 'Kadir Uddin', '', '0000000000 ', NULL, 0, '2023-03-26 16:27:34', '2023-03-26 16:27:34'),
(276, 'd2a9ed9c-cbc0-11ed-9d1f-8e60b21ff602', 5028, '276', 0, 'Mejba Hossain', '', '0000000000 ', NULL, 0, '2023-03-26 16:27:34', '2023-03-26 16:27:34'),
(277, 'd2a9edec-cbc0-11ed-be64-8e60b21ff602', 306, '277', 0, 'Md Sayed Ul Karim', '', '0000000000 ', NULL, 0, '2023-03-26 16:27:34', '2023-03-26 16:27:34'),
(278, 'd2a9ee32-cbc0-11ed-8a2b-8e60b21ff602', 310, '278', 0, 'Arif Hossain', '', '0000000000 ', NULL, 0, '2023-03-26 16:27:34', '2023-03-26 16:27:34'),
(279, 'd2a9ee82-cbc0-11ed-be29-8e60b21ff602', 311, '279', 0, 'Md.Hasibul Hasan', '', '0000000000 ', NULL, 0, '2023-03-26 16:27:34', '2023-03-26 16:27:34'),
(280, 'd2a9eed2-cbc0-11ed-b2a4-8e60b21ff602', 308, '280', 0, 'Tabassum Siddiqy', '', '0000000000 ', NULL, 0, '2023-03-26 16:27:34', '2023-03-26 16:27:34'),
(281, 'd2a9ef22-cbc0-11ed-887c-8e60b21ff602', 309, '281', 0, 'Tumpa Rani', '', '0015228303 ', NULL, 0, '2023-03-26 16:27:34', '2023-03-26 16:27:34'),
(282, 'd2a9ef72-cbc0-11ed-aec5-8e60b21ff602', 5024, '282', 0, '5024', '', '0000000000 ', NULL, 0, '2023-03-26 16:27:34', '2023-03-26 16:27:34'),
(283, 'd2a9efc2-cbc0-11ed-b43f-8e60b21ff602', 5025, '283', 0, '5025', '', '0000000000 ', NULL, 0, '2023-03-26 16:27:34', '2023-03-26 16:27:34'),
(284, 'd2a9f008-cbc0-11ed-94ea-8e60b21ff602', 5026, '284', 0, '5026', '', '0000000000 ', NULL, 0, '2023-03-26 16:27:34', '2023-03-26 16:27:34'),
(285, 'd2a9f058-cbc0-11ed-b1fc-8e60b21ff602', 5027, '285', 0, '5027', '', '0000000000 ', NULL, 0, '2023-03-26 16:27:34', '2023-03-26 16:27:34'),
(286, 'd2a9f0a8-cbc0-11ed-964d-8e60b21ff602', 5029, '286', 0, '5029', '', '0000000000 ', NULL, 0, '2023-03-26 16:27:34', '2023-03-26 16:27:34'),
(287, 'd2a9f0f8-cbc0-11ed-979d-8e60b21ff602', 5030, '287', 0, '5030', '', '0000000000 ', NULL, 0, '2023-03-26 16:27:34', '2023-03-26 16:27:34'),
(288, 'd2a9f148-cbc0-11ed-9028-8e60b21ff602', 225, '288', 0, 'Shah Samir', '', '0000000000 ', NULL, 0, '2023-03-26 16:27:34', '2023-03-26 16:27:34'),
(289, 'd2a9f18e-cbc0-11ed-8d6e-8e60b21ff602', 318, '289', 0, 'Muttakin Zaman', '', '0000000000 ', NULL, 0, '2023-03-26 16:27:34', '2023-03-26 16:27:34'),
(290, 'd2a9f1de-cbc0-11ed-af1b-8e60b21ff602', 316, '290', 0, 'Md Mainul Islam', '', '0003447671 ', NULL, 0, '2023-03-26 16:27:34', '2023-03-26 16:27:34'),
(291, 'd2a9f22e-cbc0-11ed-bf64-8e60b21ff602', 315, '291', 0, 'Rashed Mahmud', '', '0000000000 ', NULL, 0, '2023-03-26 16:27:34', '2023-03-26 16:27:34'),
(292, 'd2a9f27e-cbc0-11ed-90f1-8e60b21ff602', 314, '292', 0, 'Junied Hossain', '', '0000000000 ', NULL, 0, '2023-03-26 16:27:34', '2023-03-26 16:27:34'),
(293, 'd2a9f2c4-cbc0-11ed-9a63-8e60b21ff602', 317, '293', 0, 'Jayanti Biswas', '', '0000000000 ', NULL, 0, '2023-03-26 16:27:34', '2023-03-26 16:27:34'),
(294, 'd2a9f314-cbc0-11ed-a161-8e60b21ff602', 319, '294', 0, 'Abir Hasan', '', '0000000000 ', NULL, 0, '2023-03-26 16:27:34', '2023-03-26 16:27:34'),
(295, 'd2a9f364-cbc0-11ed-ad5a-8e60b21ff602', 320, '295', 0, 'Jannatul Ferdus', '', '0000000000 ', NULL, 0, '2023-03-26 16:27:34', '2023-03-26 16:27:34'),
(296, 'd2a9f3b4-cbc0-11ed-9fad-8e60b21ff602', 323, '296', 0, 'Taufiq Eftakhar', '', '0000000000 ', NULL, 0, '2023-03-26 16:27:34', '2023-03-26 16:27:34'),
(297, 'd2a9f404-cbc0-11ed-83ef-8e60b21ff602', 313, '297', 0, 'Kawsar Ahamed', '', '0000000000 ', NULL, 0, '2023-03-26 16:27:34', '2023-03-26 16:27:34'),
(298, 'd2a9f454-cbc0-11ed-9088-8e60b21ff602', 321, '298', 0, 'MD GIAS UDDIN', '', '0000000000 ', NULL, 0, '2023-03-26 16:27:34', '2023-03-26 16:27:34'),
(299, 'd2a9f49a-cbc0-11ed-a472-8e60b21ff602', 322, '299', 0, 'HALIMA YESMIN', '', '0000000000 ', NULL, 0, '2023-03-26 16:27:34', '2023-03-26 16:27:34'),
(300, 'd2a9f4ea-cbc0-11ed-b765-8e60b21ff602', 5031, '300', 0, '5031', '', '0000000000 ', NULL, 0, '2023-03-26 16:27:34', '2023-03-26 16:27:34'),
(301, 'd2a9f53a-cbc0-11ed-96ee-8e60b21ff602', 5032, '301', 0, '5032', '', '0000000000 ', NULL, 0, '2023-03-26 16:27:34', '2023-03-26 16:27:34'),
(302, 'd2a9f58a-cbc0-11ed-bc75-8e60b21ff602', 5033, '302', 0, '5033', '', '0000000000 ', NULL, 0, '2023-03-26 16:27:34', '2023-03-26 16:27:34'),
(303, 'd2a9f5d0-cbc0-11ed-8230-8e60b21ff602', 324, '303', 0, 'MD RAISUL', '', '0000000000 ', NULL, 0, '2023-03-26 16:27:34', '2023-03-26 16:27:34'),
(304, 'd2a9f620-cbc0-11ed-a528-8e60b21ff602', 325, '304', 0, 'MD IMRAN HOSSAIN', '', '0000000000 ', NULL, 0, '2023-03-26 16:27:34', '2023-03-26 16:27:34'),
(305, 'd2a9f670-cbc0-11ed-8305-8e60b21ff602', 326, '305', 0, 'SHEIKH WAHIDUZZAMAN', '', '0000000000 ', NULL, 0, '2023-03-26 16:27:34', '2023-03-26 16:27:34'),
(306, 'd2a9f6c0-cbc0-11ed-8319-8e60b21ff602', 327, '306', 0, 'Anjan Kumar', '', '0000000000 ', NULL, 0, '2023-03-26 16:27:34', '2023-03-26 16:27:34'),
(307, 'd2a9f710-cbc0-11ed-b38c-8e60b21ff602', 328, '307', 0, 'Shakil Hossain', '', '0000000000 ', NULL, 0, '2023-03-26 16:27:34', '2023-03-26 16:27:34'),
(308, 'd2a9f760-cbc0-11ed-88b2-8e60b21ff602', 5042, '308', 0, '5042', '', '0000000000 ', NULL, 0, '2023-03-26 16:27:34', '2023-03-26 16:27:34'),
(309, 'd2a9f7a6-cbc0-11ed-82d2-8e60b21ff602', 329, '309', 0, 'Nasir Wahid', '', '0000000000 ', NULL, 0, '2023-03-26 16:27:34', '2023-03-26 16:27:34'),
(310, 'd2a9f7f6-cbc0-11ed-8e75-8e60b21ff602', 330, '310', 0, 'Mehedi Hasan', '', '0000000000 ', NULL, 0, '2023-03-26 16:27:34', '2023-03-26 16:27:34'),
(311, 'd2a9f846-cbc0-11ed-8246-8e60b21ff602', 5035, '311', 0, 'Shahadat Hossain', '', '0000000000 ', NULL, 0, '2023-03-26 16:27:34', '2023-03-26 16:27:34'),
(312, 'd2a9f896-cbc0-11ed-ae2b-8e60b21ff602', 5036, '312', 0, 'Romel', '', '0000000000 ', NULL, 0, '2023-03-26 16:27:34', '2023-03-26 16:27:34'),
(313, 'd2a9f8e6-cbc0-11ed-9de7-8e60b21ff602', 296, '313', 0, 'Saem', '', '0000000000 ', NULL, 0, '2023-03-26 16:27:34', '2023-03-26 16:27:34'),
(314, 'd2a9f936-cbc0-11ed-b4a3-8e60b21ff602', 297, '314', 0, 'ArifMainUddin', '', '0000000000 ', NULL, 0, '2023-03-26 16:27:34', '2023-03-26 16:27:34'),
(315, 'd2a9f986-cbc0-11ed-9e8e-8e60b21ff602', 300, '315', 0, 'Sazzad', '', '0010791030 ', NULL, 0, '2023-03-26 16:27:34', '2023-03-26 16:27:34'),
(316, 'd2a9f9cc-cbc0-11ed-9d2c-8e60b21ff602', 332, '316', 0, 'Md Asadur Rahman Talukde', '', '0000000000 ', NULL, 0, '2023-03-26 16:27:34', '2023-03-26 16:27:34'),
(317, 'd2a9fa1c-cbc0-11ed-8da2-8e60b21ff602', 337, '317', 0, 'Jesika Rahman', '', '0000000000 ', NULL, 0, '2023-03-26 16:27:34', '2023-03-26 16:27:34'),
(318, 'd2a9fa6c-cbc0-11ed-a919-8e60b21ff602', 338, '318', 0, 'Khaza Mohammad Imtiaz Al', '', '0000000000 ', NULL, 0, '2023-03-26 16:27:34', '2023-03-26 16:27:34'),
(319, 'd2a9fabc-cbc0-11ed-899b-8e60b21ff602', 333, '319', 0, 'Md. Eyasin Arafat', '', '0000000000 ', NULL, 0, '2023-03-26 16:27:34', '2023-03-26 16:27:34'),
(320, 'd2a9fb0c-cbc0-11ed-a8bf-8e60b21ff602', 336, '320', 0, 'Anwara Khatun', '', '0000000000 ', NULL, 0, '2023-03-26 16:27:34', '2023-03-26 16:27:34'),
(321, 'd2a9fb5c-cbc0-11ed-8cea-8e60b21ff602', 334, '321', 0, 'Rahena Rashid', '', '0000000000 ', NULL, 0, '2023-03-26 16:27:34', '2023-03-26 16:27:34'),
(322, 'd2a9fbac-cbc0-11ed-a75d-8e60b21ff602', 216, '322', 0, 'Sumon', '', '0000000000 ', NULL, 0, '2023-03-26 16:27:34', '2023-03-26 16:27:34'),
(323, 'd2a9fbf2-cbc0-11ed-ace1-8e60b21ff602', 12339, '323', 0, '12339', '', '0000000000 ', NULL, 0, '2023-03-26 16:27:34', '2023-03-26 16:27:34'),
(324, 'd2a9fc42-cbc0-11ed-bdb5-8e60b21ff602', 12851, '324', 0, '12851', '', '0000000000 ', NULL, 0, '2023-03-26 16:27:34', '2023-03-26 16:27:34'),
(325, 'd2a9fc92-cbc0-11ed-bcac-8e60b21ff602', 13873, '325', 0, '13873', '', '0000000000 ', NULL, 0, '2023-03-26 16:27:34', '2023-03-26 16:27:34'),
(326, 'd2a9fce2-cbc0-11ed-8ba5-8e60b21ff602', 13874, '326', 0, '13874', '', '0000000000 ', NULL, 0, '2023-03-26 16:27:34', '2023-03-26 16:27:34'),
(327, 'd2a9fd32-cbc0-11ed-9466-8e60b21ff602', 341, '327', 0, 'Md. Sohanur Rahman', '', '0000000000 ', NULL, 0, '2023-03-26 16:27:34', '2023-03-26 16:27:34'),
(328, 'd2a9fd82-cbc0-11ed-9133-8e60b21ff602', 339, '328', 0, 'Fahim Mahbub', '', '0000000000 ', NULL, 0, '2023-03-26 16:27:34', '2023-03-26 16:27:34'),
(329, 'd2a9fdc8-cbc0-11ed-b00f-8e60b21ff602', 340, '329', 0, 'Sajedul Haque Siam', '', '0000000000 ', NULL, 0, '2023-03-26 16:27:34', '2023-03-26 16:27:34'),
(330, 'd2a9fe18-cbc0-11ed-a159-8e60b21ff602', 343, '330', 0, 'Eshna Rahman', '', '0000000000 ', NULL, 0, '2023-03-26 16:27:34', '2023-03-26 16:27:34'),
(331, 'd2a9fe68-cbc0-11ed-bf51-8e60b21ff602', 5037, '331', 0, '5037', '', '0000000000 ', NULL, 0, '2023-03-26 16:27:34', '2023-03-26 16:27:34'),
(332, 'd2a9feb8-cbc0-11ed-962b-8e60b21ff602', 5038, '332', 0, '5038', '', '0000000000 ', NULL, 0, '2023-03-26 16:27:34', '2023-03-26 16:27:34');
INSERT INTO `employee` (`id`, `uuid`, `userId`, `userUid`, `role`, `name`, `password`, `cardNo`, `finger`, `status`, `createdAt`, `updatedAt`) VALUES
(333, 'd2a9ff08-cbc0-11ed-9543-8e60b21ff602', 345, '333', 0, 'Saadman', '', '0000000000 ', NULL, 0, '2023-03-26 16:27:34', '2023-03-26 16:27:34'),
(334, 'd2a9ff58-cbc0-11ed-8f7f-8e60b21ff602', 344, '334', 0, 'Md Tanzil Hossain', '', '0000000000 ', NULL, 0, '2023-03-26 16:27:34', '2023-03-26 16:27:34'),
(335, 'd2a9ff9e-cbc0-11ed-a863-8e60b21ff602', 346, '335', 14, 'Mehedi Hasan', '', '0000000000 ', NULL, 0, '2023-03-26 16:27:34', '2023-03-26 16:27:34'),
(336, 'd2a9ffee-cbc0-11ed-ad2a-8e60b21ff602', 5040, '336', 0, 'MARIAYASMINNILA', '', '0000000000 ', NULL, 0, '2023-03-26 16:27:34', '2023-03-26 16:27:34'),
(337, 'd2aa003e-cbc0-11ed-b020-8e60b21ff602', 355, '337', 0, 'MAZED', '', '0000000000 ', NULL, 0, '2023-03-26 16:27:34', '2023-03-26 16:27:34'),
(338, 'd2aa008e-cbc0-11ed-8261-8e60b21ff602', 356, '338', 0, 'NISHAT TASNIM', '', '0000000000 ', NULL, 0, '2023-03-26 16:27:34', '2023-03-26 16:27:34'),
(339, 'd2aa00de-cbc0-11ed-96da-8e60b21ff602', 357, '339', 0, 'SAMIHA', '', '0000000000 ', NULL, 0, '2023-03-26 16:27:34', '2023-03-26 16:27:34'),
(340, 'd2aa012e-cbc0-11ed-b1ae-8e60b21ff602', 348, '340', 0, 'SADMAN', '', '0000000000 ', NULL, 0, '2023-03-26 16:27:34', '2023-03-26 16:27:34'),
(341, 'd2aa017e-cbc0-11ed-841f-8e60b21ff602', 350, '341', 0, 'ABDULLAH', '', '0000000000 ', NULL, 0, '2023-03-26 16:27:34', '2023-03-26 16:27:34'),
(342, 'd2aa01ce-cbc0-11ed-ac91-8e60b21ff602', 349, '342', 0, 'MAOWA', '', '0000000000 ', NULL, 0, '2023-03-26 16:27:34', '2023-03-26 16:27:34'),
(343, 'd2aa021e-cbc0-11ed-b63f-8e60b21ff602', 5039, '343', 0, '5039', '', '0000000000 ', NULL, 0, '2023-03-26 16:27:34', '2023-03-26 16:27:34'),
(344, 'd2aa026e-cbc0-11ed-984a-8e60b21ff602', 352, '344', 0, 'RIFAT', '', '0000000000 ', NULL, 0, '2023-03-26 16:27:34', '2023-03-26 16:27:34'),
(345, 'd2aa02be-cbc0-11ed-824a-8e60b21ff602', 351, '345', 0, 'NAHID', '', '0000000000 ', NULL, 0, '2023-03-26 16:27:34', '2023-03-26 16:27:34'),
(346, 'd2aa030e-cbc0-11ed-b00e-8e60b21ff602', 354, '346', 0, 'MAMUNUR', '', '0000000000 ', NULL, 0, '2023-03-26 16:27:34', '2023-03-26 16:27:34'),
(347, 'd2aa035e-cbc0-11ed-bf08-8e60b21ff602', 353, '347', 0, 'JASIM', '', '0000000000 ', NULL, 0, '2023-03-26 16:27:34', '2023-03-26 16:27:34'),
(348, 'd2aa03a4-cbc0-11ed-9c78-8e60b21ff602', 358, '348', 0, 'FAHMIDA RIMI', '', '0000000000 ', NULL, 0, '2023-03-26 16:27:34', '2023-03-26 16:27:34'),
(349, 'd2aa03f4-cbc0-11ed-9013-8e60b21ff602', 359, '349', 0, 'RAIHAN BIN ISLAM', '', '0000000000 ', NULL, 0, '2023-03-26 16:27:34', '2023-03-26 16:27:34'),
(350, 'd2aa0444-cbc0-11ed-8f32-8e60b21ff602', 360, '350', 0, 'Md Yeasin Mahmud', '', '0000000000 ', NULL, 0, '2023-03-26 16:27:34', '2023-03-26 16:27:34'),
(351, 'd2aa0494-cbc0-11ed-8a42-8e60b21ff602', 361, '351', 0, 'Debosree Saha', '', '0000000000 ', NULL, 0, '2023-03-26 16:27:34', '2023-03-26 16:27:34'),
(352, 'd2aa04e4-cbc0-11ed-8d3c-8e60b21ff602', 364, '352', 0, 'SahidulIslam', '', '0000000000 ', NULL, 0, '2023-03-26 16:27:34', '2023-03-26 16:27:34'),
(353, 'd2aa0534-cbc0-11ed-892a-8e60b21ff602', 366, '353', 0, 'Naima Milky', '', '0000000000 ', NULL, 0, '2023-03-26 16:27:34', '2023-03-26 16:27:34'),
(354, 'd2aa057a-cbc0-11ed-b41a-8e60b21ff602', 362, '355', 0, 'Md. Omar Farukh Sakib', '', '0000000000 ', NULL, 0, '2023-03-26 16:27:34', '2023-03-26 16:27:34'),
(355, 'd2aa05ca-cbc0-11ed-af60-8e60b21ff602', 363, '356', 0, 'Tanvir Mahmud', '', '0000000000 ', NULL, 0, '2023-03-26 16:27:34', '2023-03-26 16:27:34'),
(356, 'd2aa061a-cbc0-11ed-8668-8e60b21ff602', 365, '357', 0, 'MD NAWSHAD SALAHUDDIN', '', '0000000000 ', NULL, 0, '2023-03-26 16:27:34', '2023-03-26 16:27:34'),
(357, 'd2aa066a-cbc0-11ed-acf7-8e60b21ff602', 13369, '358', 0, '13369', '', '0000000000 ', NULL, 0, '2023-03-26 16:27:34', '2023-03-26 16:27:34'),
(358, 'd2aa06ba-cbc0-11ed-90d2-8e60b21ff602', 13875, '359', 0, '13875', '', '0000000000 ', NULL, 0, '2023-03-26 16:27:34', '2023-03-26 16:27:34'),
(359, 'd2aa070a-cbc0-11ed-a3d3-8e60b21ff602', 3551281, '360', 0, '3551281', '', '0000000000 ', NULL, 0, '2023-03-26 16:27:34', '2023-03-26 16:27:34'),
(360, 'd2aa075a-cbc0-11ed-912d-8e60b21ff602', 368, '361', 0, 'Nazmus Sakib', '', '0000000000 ', NULL, 0, '2023-03-26 16:27:34', '2023-03-26 16:27:34'),
(361, 'd2aa07aa-cbc0-11ed-a332-8e60b21ff602', 370, '362', 0, 'Rifat Jahan', '', '0000000000 ', NULL, 0, '2023-03-26 16:27:34', '2023-03-26 16:27:34'),
(362, 'd2aa07f0-cbc0-11ed-8321-8e60b21ff602', 371, '363', 0, 'Md Tanzil Hossain', '', '0000000000 ', NULL, 0, '2023-03-26 16:27:34', '2023-03-26 16:27:34'),
(363, 'd2aa0840-cbc0-11ed-b6d4-8e60b21ff602', 372, '364', 0, 'Walid Hasan', '', '0000000000 ', NULL, 0, '2023-03-26 16:27:34', '2023-03-26 16:27:34'),
(364, 'd2aa0890-cbc0-11ed-a44f-8e60b21ff602', 295, '365', 0, 'Hasibul Hasan', '', '0000000000 ', NULL, 0, '2023-03-26 16:27:34', '2023-03-26 16:27:34'),
(365, 'd2aa08e0-cbc0-11ed-9e9b-8e60b21ff602', 373, '366', 0, 'Nowrin Rahman', '', '0000000000 ', NULL, 0, '2023-03-26 16:27:34', '2023-03-26 16:27:34'),
(366, 'd2aa0930-cbc0-11ed-a387-8e60b21ff602', 378, '367', 0, 'Sofdar Mahmud Tusher', '', '0000000000 ', NULL, 0, '2023-03-26 16:27:34', '2023-03-26 16:27:34'),
(367, 'd2aa0980-cbc0-11ed-8e58-8e60b21ff602', 377, '368', 0, 'Nishat Tasnim', '', '0000000000 ', NULL, 0, '2023-03-26 16:27:34', '2023-03-26 16:27:34'),
(368, 'd2aa09c6-cbc0-11ed-b8d8-8e60b21ff602', 376, '369', 0, 'Tasmiah Tarannum', '', '0000000000 ', NULL, 0, '2023-03-26 16:27:34', '2023-03-26 16:27:34'),
(369, 'd2aa0a16-cbc0-11ed-adce-8e60b21ff602', 374, '370', 0, 'Kazi Mohammed Nafees', '', '0000000000 ', NULL, 0, '2023-03-26 16:27:34', '2023-03-26 16:27:34'),
(370, 'd2aa0a66-cbc0-11ed-803a-8e60b21ff602', 375, '371', 0, 'Rehnuma Tabassum khan', '', '0000000000 ', NULL, 0, '2023-03-26 16:27:34', '2023-03-26 16:27:34'),
(371, 'd2aa0ab6-cbc0-11ed-9e2b-8e60b21ff602', 379, '372', 0, 'G.M Ahammad', '', '0000000000 ', NULL, 0, '2023-03-26 16:27:34', '2023-03-26 16:27:34'),
(372, 'd2aa0b06-cbc0-11ed-b0bf-8e60b21ff602', 777777, '373', 0, 'Shoriful Isalam Liton', '', '0000000000 ', NULL, 0, '2023-03-26 16:27:34', '2023-03-26 16:27:34'),
(373, 'd2aa0b56-cbc0-11ed-bb5d-8e60b21ff602', 380, '374', 0, 'Samy Jony', '', '0000000000 ', NULL, 0, '2023-03-26 16:27:34', '2023-03-26 16:27:34'),
(374, 'd2aa0ba6-cbc0-11ed-9e01-8e60b21ff602', 382, '375', 0, 'Ekfat Hossain', '', '0000000000 ', NULL, 0, '2023-03-26 16:27:34', '2023-03-26 16:27:34'),
(375, 'd2aa0bec-cbc0-11ed-b28c-8e60b21ff602', 389, '376', 0, 'Hasibul Hasan', '', '0000000000 ', NULL, 0, '2023-03-26 16:27:34', '2023-03-26 16:27:34'),
(376, 'd2aa0c3c-cbc0-11ed-8e8d-8e60b21ff602', 390, '377', 0, 'Emdad Hossain', '', '0000000000 ', NULL, 0, '2023-03-26 16:27:34', '2023-03-26 16:27:34'),
(377, 'd2aa0c96-cbc0-11ed-9c6b-8e60b21ff602', 383, '378', 0, 'Md. Tanvir Ahmed', '', '0000000000 ', NULL, 0, '2023-03-26 16:27:34', '2023-03-26 16:27:34'),
(378, 'd2aa0ce6-cbc0-11ed-8881-8e60b21ff602', 388, '379', 0, 'Md Tasmiah Alam', '', '0000000000 ', NULL, 0, '2023-03-26 16:27:34', '2023-03-26 16:27:34'),
(379, 'd2aa0d36-cbc0-11ed-b183-8e60b21ff602', 384, '380', 0, 'Tousif Uddin', '', '0000000000 ', NULL, 0, '2023-03-26 16:27:34', '2023-03-26 16:27:34'),
(380, 'd2aa0d86-cbc0-11ed-b956-8e60b21ff602', 385, '381', 0, 'Md Shakawat Hossain', '', '0000000000 ', NULL, 0, '2023-03-26 16:27:34', '2023-03-26 16:27:34'),
(381, 'd2aa0dd6-cbc0-11ed-862a-8e60b21ff602', 387, '382', 0, 'Md Arman Kabir', '', '0000000000 ', NULL, 0, '2023-03-26 16:27:34', '2023-03-26 16:27:34'),
(382, 'd2aa0e26-cbc0-11ed-8f3a-8e60b21ff602', 386, '383', 0, 'Jabir Ibne Kamal', '', '0000000000 ', NULL, 0, '2023-03-26 16:27:34', '2023-03-26 16:27:34'),
(383, 'd2aa0e76-cbc0-11ed-9f4a-8e60b21ff602', 391, '384', 0, 'Mohammed Mainul Haque', '', '0000000000 ', NULL, 0, '2023-03-26 16:27:34', '2023-03-26 16:27:34'),
(384, 'd2b1382c-cbc0-11ed-919d-8e60b21ff602', 45, '3', 0, 'Mehedee', '', '0000057929 ', NULL, 0, '2023-03-26 16:27:34', '2023-03-26 16:27:34'),
(385, 'd2bfe71e-cbc0-11ed-aa3d-8e60b21ff602', 999999999, '1', 14, 'ADMIN CARD', '123456', '0004319580 ', NULL, 0, '2023-03-26 16:27:34', '2023-03-26 16:27:34'),
(386, 'd2bfe7fa-cbc0-11ed-adaf-8e60b21ff602', 1096, '14', 0, 'ARUP RATAN BARUA', '', '0000000000 ', NULL, 0, '2023-03-26 16:27:34', '2023-03-26 16:27:34'),
(387, 'd2bfe8fe-cbc0-11ed-82b4-8e60b21ff602', 1111, '27', 0, 'KASHEF RAHMAN', '', '0000000000 ', NULL, 0, '2023-03-26 16:27:34', '2023-03-26 16:27:34'),
(388, 'd2bfea3e-cbc0-11ed-ac71-8e60b21ff602', 1150, '32', 0, 'Salsabil', '', '0000000000 ', NULL, 0, '2023-03-26 16:27:34', '2023-03-26 16:27:34'),
(389, 'd2bfeef8-cbc0-11ed-8fd7-8e60b21ff602', 5041, '48', 0, 'Md. Shohag Ali', '', '0000000000 ', NULL, 0, '2023-03-26 16:27:34', '2023-03-26 16:27:34');

--
-- Dumping data for table `employee_device_relation`
--

INSERT INTO `employee_device_relation` (`id`, `uuid`, `employeeId`, `deviceId`, `finger`, `createdAt`, `updatedAt`) VALUES
(1, 'd2a98fdc-cbc0-11ed-86cb-8e60b21ff602', 1, 4, 0, '2023-03-26 16:27:34', '2023-03-26 16:27:34'),
(2, 'd2a9905e-cbc0-11ed-a33a-8e60b21ff602', 2, 4, 0, '2023-03-26 16:27:34', '2023-03-26 16:27:34'),
(3, 'd2a990b8-cbc0-11ed-a17d-8e60b21ff602', 3, 4, 0, '2023-03-26 16:27:34', '2023-03-26 16:27:34'),
(4, 'd2a99108-cbc0-11ed-9c91-8e60b21ff602', 6, 4, 0, '2023-03-26 16:27:34', '2023-03-26 16:27:34'),
(5, 'd2a99158-cbc0-11ed-8be6-8e60b21ff602', 7, 4, 0, '2023-03-26 16:27:34', '2023-03-26 16:27:34'),
(6, 'd2a9919e-cbc0-11ed-b258-8e60b21ff602', 8, 4, 0, '2023-03-26 16:27:34', '2023-03-26 16:27:34'),
(7, 'd2a991ee-cbc0-11ed-9ff4-8e60b21ff602', 190, 4, 0, '2023-03-26 16:27:34', '2023-03-26 16:27:34'),
(8, 'd2a9923e-cbc0-11ed-a267-8e60b21ff602', 9, 4, 0, '2023-03-26 16:27:34', '2023-03-26 16:27:34'),
(9, 'd2a9928e-cbc0-11ed-8edc-8e60b21ff602', 11, 4, 0, '2023-03-26 16:27:34', '2023-03-26 16:27:34'),
(10, 'd2a992de-cbc0-11ed-ada0-8e60b21ff602', 13, 4, 0, '2023-03-26 16:27:34', '2023-03-26 16:27:34'),
(11, 'd2a9932e-cbc0-11ed-b485-8e60b21ff602', 14, 4, 0, '2023-03-26 16:27:34', '2023-03-26 16:27:34'),
(12, 'd2a9937e-cbc0-11ed-a6d1-8e60b21ff602', 302, 4, 0, '2023-03-26 16:27:34', '2023-03-26 16:27:34'),
(13, 'd2a993ce-cbc0-11ed-b72f-8e60b21ff602', 16, 4, 0, '2023-03-26 16:27:34', '2023-03-26 16:27:34'),
(14, 'd2a9941e-cbc0-11ed-8a64-8e60b21ff602', 17, 4, 0, '2023-03-26 16:27:34', '2023-03-26 16:27:34'),
(15, 'd2a9946e-cbc0-11ed-9180-8e60b21ff602', 12, 4, 0, '2023-03-26 16:27:34', '2023-03-26 16:27:34'),
(16, 'd2a994b4-cbc0-11ed-85a4-8e60b21ff602', 19, 4, 0, '2023-03-26 16:27:34', '2023-03-26 16:27:34'),
(17, 'd2a99504-cbc0-11ed-9181-8e60b21ff602', 27, 4, 0, '2023-03-26 16:27:34', '2023-03-26 16:27:34'),
(18, 'd2a99554-cbc0-11ed-aaea-8e60b21ff602', 21, 4, 0, '2023-03-26 16:27:34', '2023-03-26 16:27:34'),
(19, 'd2a995a4-cbc0-11ed-a336-8e60b21ff602', 22, 4, 0, '2023-03-26 16:27:34', '2023-03-26 16:27:34'),
(20, 'd2a995f4-cbc0-11ed-ba3b-8e60b21ff602', 555, 4, 0, '2023-03-26 16:27:34', '2023-03-26 16:27:34'),
(21, 'd2a99644-cbc0-11ed-b681-8e60b21ff602', 24, 4, 0, '2023-03-26 16:27:34', '2023-03-26 16:27:34'),
(22, 'd2a9968a-cbc0-11ed-88b2-8e60b21ff602', 25, 4, 0, '2023-03-26 16:27:34', '2023-03-26 16:27:34'),
(23, 'd2a996ee-cbc0-11ed-a74a-8e60b21ff602', 70, 4, 0, '2023-03-26 16:27:34', '2023-03-26 16:27:34'),
(24, 'd2a99766-cbc0-11ed-b311-8e60b21ff602', 219, 4, 0, '2023-03-26 16:27:34', '2023-03-26 16:27:34'),
(25, 'd2a997d4-cbc0-11ed-b78a-8e60b21ff602', 28, 4, 0, '2023-03-26 16:27:34', '2023-03-26 16:27:34'),
(26, 'd2a9984c-cbc0-11ed-9a9c-8e60b21ff602', 29, 4, 0, '2023-03-26 16:27:34', '2023-03-26 16:27:34'),
(27, 'd2a998ba-cbc0-11ed-8309-8e60b21ff602', 5006, 4, 0, '2023-03-26 16:27:34', '2023-03-26 16:27:34'),
(28, 'd2a99932-cbc0-11ed-810c-8e60b21ff602', 31, 4, 0, '2023-03-26 16:27:34', '2023-03-26 16:27:34'),
(29, 'd2a999aa-cbc0-11ed-96db-8e60b21ff602', 32, 4, 0, '2023-03-26 16:27:34', '2023-03-26 16:27:34'),
(30, 'd2a99a5e-cbc0-11ed-9c0e-8e60b21ff602', 5007, 4, 0, '2023-03-26 16:27:34', '2023-03-26 16:27:34'),
(31, 'd2a99ad6-cbc0-11ed-b577-8e60b21ff602', 202, 4, 0, '2023-03-26 16:27:34', '2023-03-26 16:27:34'),
(32, 'd2a99b58-cbc0-11ed-86af-8e60b21ff602', 5008, 4, 0, '2023-03-26 16:27:34', '2023-03-26 16:27:34'),
(33, 'd2a99c0c-cbc0-11ed-b96d-8e60b21ff602', 220, 4, 0, '2023-03-26 16:27:34', '2023-03-26 16:27:34'),
(34, 'd2a99c5c-cbc0-11ed-93d9-8e60b21ff602', 226, 4, 0, '2023-03-26 16:27:34', '2023-03-26 16:27:34'),
(35, 'd2a99cac-cbc0-11ed-aefc-8e60b21ff602', 43, 4, 0, '2023-03-26 16:27:34', '2023-03-26 16:27:34'),
(36, 'd2a99cf2-cbc0-11ed-9b06-8e60b21ff602', 36, 4, 14, '2023-03-26 16:27:34', '2023-03-26 16:27:34'),
(37, 'd2a99d42-cbc0-11ed-85b5-8e60b21ff602', 227, 4, 0, '2023-03-26 16:27:34', '2023-03-26 16:27:34'),
(38, 'd2a99d92-cbc0-11ed-ad34-8e60b21ff602', 211, 4, 14, '2023-03-26 16:27:34', '2023-03-26 16:27:34'),
(39, 'd2a99dec-cbc0-11ed-a615-8e60b21ff602', 166, 4, 0, '2023-03-26 16:27:34', '2023-03-26 16:27:34'),
(40, 'd2a99e32-cbc0-11ed-ad63-8e60b21ff602', 50, 4, 0, '2023-03-26 16:27:34', '2023-03-26 16:27:34'),
(41, 'd2a99e82-cbc0-11ed-b604-8e60b21ff602', 222, 4, 0, '2023-03-26 16:27:34', '2023-03-26 16:27:34'),
(42, 'd2a99edc-cbc0-11ed-a66b-8e60b21ff602', 38, 4, 0, '2023-03-26 16:27:34', '2023-03-26 16:27:34'),
(43, 'd2a99f2c-cbc0-11ed-ab33-8e60b21ff602', 42, 4, 0, '2023-03-26 16:27:34', '2023-03-26 16:27:34'),
(44, 'd2a99f9a-cbc0-11ed-aff4-8e60b21ff602', 224, 4, 0, '2023-03-26 16:27:34', '2023-03-26 16:27:34'),
(45, 'd2a99fea-cbc0-11ed-a1c4-8e60b21ff602', 55, 4, 0, '2023-03-26 16:27:34', '2023-03-26 16:27:34'),
(46, 'd2a9a03a-cbc0-11ed-b4c8-8e60b21ff602', 56, 4, 0, '2023-03-26 16:27:34', '2023-03-26 16:27:34'),
(47, 'd2a9a08a-cbc0-11ed-a2c8-8e60b21ff602', 57, 4, 0, '2023-03-26 16:27:34', '2023-03-26 16:27:34'),
(48, 'd2a9a0d0-cbc0-11ed-8388-8e60b21ff602', 58, 4, 0, '2023-03-26 16:27:34', '2023-03-26 16:27:34'),
(49, 'd2a9a120-cbc0-11ed-8ed5-8e60b21ff602', 44, 4, 0, '2023-03-26 16:27:34', '2023-03-26 16:27:34'),
(50, 'd2a9a170-cbc0-11ed-b615-8e60b21ff602', 60, 4, 0, '2023-03-26 16:27:34', '2023-03-26 16:27:34'),
(51, 'd2a9a1c0-cbc0-11ed-8b25-8e60b21ff602', 217, 4, 0, '2023-03-26 16:27:34', '2023-03-26 16:27:34'),
(52, 'd2a9a210-cbc0-11ed-af58-8e60b21ff602', 53, 4, 0, '2023-03-26 16:27:34', '2023-03-26 16:27:34'),
(53, 'd2a9a260-cbc0-11ed-821b-8e60b21ff602', 218, 4, 0, '2023-03-26 16:27:34', '2023-03-26 16:27:34'),
(54, 'd2a9a2a6-cbc0-11ed-9608-8e60b21ff602', 59, 4, 0, '2023-03-26 16:27:34', '2023-03-26 16:27:34'),
(55, 'd2a9a2f6-cbc0-11ed-9076-8e60b21ff602', 62, 4, 0, '2023-03-26 16:27:34', '2023-03-26 16:27:34'),
(56, 'd2a9a346-cbc0-11ed-857e-8e60b21ff602', 66, 4, 0, '2023-03-26 16:27:34', '2023-03-26 16:27:34'),
(57, 'd2a9a396-cbc0-11ed-8da9-8e60b21ff602', 367, 4, 0, '2023-03-26 16:27:34', '2023-03-26 16:27:34'),
(58, 'd2a9a3e6-cbc0-11ed-979f-8e60b21ff602', 69, 4, 0, '2023-03-26 16:27:34', '2023-03-26 16:27:34'),
(59, 'd2a9a436-cbc0-11ed-8519-8e60b21ff602', 500, 4, 0, '2023-03-26 16:27:34', '2023-03-26 16:27:34'),
(60, 'd2a9a486-cbc0-11ed-bab7-8e60b21ff602', 74, 4, 0, '2023-03-26 16:27:34', '2023-03-26 16:27:34'),
(61, 'd2a9a4cc-cbc0-11ed-8fdf-8e60b21ff602', 72, 4, 0, '2023-03-26 16:27:34', '2023-03-26 16:27:34'),
(62, 'd2a9a51c-cbc0-11ed-b3ed-8e60b21ff602', 73, 4, 0, '2023-03-26 16:27:34', '2023-03-26 16:27:34'),
(63, 'd2a9a562-cbc0-11ed-a40b-8e60b21ff602', 71, 4, 0, '2023-03-26 16:27:34', '2023-03-26 16:27:34'),
(64, 'd2a9a5b2-cbc0-11ed-8c4d-8e60b21ff602', 75, 4, 0, '2023-03-26 16:27:34', '2023-03-26 16:27:34'),
(65, 'd2a9a602-cbc0-11ed-8dbd-8e60b21ff602', 76, 4, 0, '2023-03-26 16:27:34', '2023-03-26 16:27:34'),
(66, 'd2a9a652-cbc0-11ed-b56d-8e60b21ff602', 77, 4, 0, '2023-03-26 16:27:34', '2023-03-26 16:27:34'),
(67, 'd2a9a698-cbc0-11ed-8a51-8e60b21ff602', 207, 4, 0, '2023-03-26 16:27:34', '2023-03-26 16:27:34'),
(68, 'd2a9a6e8-cbc0-11ed-85a8-8e60b21ff602', 91, 4, 0, '2023-03-26 16:27:34', '2023-03-26 16:27:34'),
(69, 'd2a9a86e-cbc0-11ed-9051-8e60b21ff602', 209, 4, 0, '2023-03-26 16:27:34', '2023-03-26 16:27:34'),
(70, 'd2a9a904-cbc0-11ed-bb2b-8e60b21ff602', 106, 4, 0, '2023-03-26 16:27:34', '2023-03-26 16:27:34'),
(71, 'd2a9a95e-cbc0-11ed-85b8-8e60b21ff602', 212, 4, 0, '2023-03-26 16:27:34', '2023-03-26 16:27:34'),
(72, 'd2a9a9ae-cbc0-11ed-941c-8e60b21ff602', 213, 4, 0, '2023-03-26 16:27:34', '2023-03-26 16:27:34'),
(73, 'd2a9a9fe-cbc0-11ed-a5d4-8e60b21ff602', 84, 4, 0, '2023-03-26 16:27:34', '2023-03-26 16:27:34'),
(74, 'd2a9aa4e-cbc0-11ed-b9ee-8e60b21ff602', 229, 4, 0, '2023-03-26 16:27:34', '2023-03-26 16:27:34'),
(75, 'd2a9aa94-cbc0-11ed-a4b3-8e60b21ff602', 233, 4, 0, '2023-03-26 16:27:34', '2023-03-26 16:27:34'),
(76, 'd2a9aaee-cbc0-11ed-93ae-8e60b21ff602', 87, 4, 0, '2023-03-26 16:27:34', '2023-03-26 16:27:34'),
(77, 'd2a9ab34-cbc0-11ed-ad85-8e60b21ff602', 107, 4, 0, '2023-03-26 16:27:34', '2023-03-26 16:27:34'),
(78, 'd2a9ab84-cbc0-11ed-9953-8e60b21ff602', 111, 4, 0, '2023-03-26 16:27:34', '2023-03-26 16:27:34'),
(79, 'd2a9abd4-cbc0-11ed-803c-8e60b21ff602', 124, 4, 0, '2023-03-26 16:27:34', '2023-03-26 16:27:34'),
(80, 'd2a9ac24-cbc0-11ed-8bb2-8e60b21ff602', 130, 4, 0, '2023-03-26 16:27:34', '2023-03-26 16:27:34'),
(81, 'd2a9ac74-cbc0-11ed-9688-8e60b21ff602', 92, 4, 0, '2023-03-26 16:27:34', '2023-03-26 16:27:34'),
(82, 'd2a9acc4-cbc0-11ed-a891-8e60b21ff602', 137, 4, 0, '2023-03-26 16:27:34', '2023-03-26 16:27:34'),
(83, 'd2a9ad14-cbc0-11ed-b0da-8e60b21ff602', 94, 4, 0, '2023-03-26 16:27:34', '2023-03-26 16:27:34'),
(84, 'd2a9ad64-cbc0-11ed-a5e5-8e60b21ff602', 152, 4, 0, '2023-03-26 16:27:34', '2023-03-26 16:27:34'),
(85, 'd2a9adb4-cbc0-11ed-b1fa-8e60b21ff602', 215, 4, 0, '2023-03-26 16:27:34', '2023-03-26 16:27:34'),
(86, 'd2a9ae04-cbc0-11ed-9de7-8e60b21ff602', 2000, 4, 14, '2023-03-26 16:27:34', '2023-03-26 16:27:34'),
(87, 'd2a9ae54-cbc0-11ed-8bbe-8e60b21ff602', 172, 4, 0, '2023-03-26 16:27:34', '2023-03-26 16:27:34'),
(88, 'd2a9aea4-cbc0-11ed-b6af-8e60b21ff602', 5001, 4, 0, '2023-03-26 16:27:34', '2023-03-26 16:27:34'),
(89, 'd2a9af6c-cbc0-11ed-b31b-8e60b21ff602', 156, 4, 0, '2023-03-26 16:27:34', '2023-03-26 16:27:34'),
(90, 'd2a9afbc-cbc0-11ed-b865-8e60b21ff602', 237, 4, 0, '2023-03-26 16:27:34', '2023-03-26 16:27:34'),
(91, 'd2a9b00c-cbc0-11ed-895e-8e60b21ff602', 102, 4, 0, '2023-03-26 16:27:34', '2023-03-26 16:27:34'),
(92, 'd2a9b05c-cbc0-11ed-9d25-8e60b21ff602', 157, 4, 0, '2023-03-26 16:27:34', '2023-03-26 16:27:34'),
(93, 'd2a9b0b6-cbc0-11ed-b5db-8e60b21ff602', 104, 4, 0, '2023-03-26 16:27:34', '2023-03-26 16:27:34'),
(94, 'd2a9b106-cbc0-11ed-9312-8e60b21ff602', 239, 4, 0, '2023-03-26 16:27:34', '2023-03-26 16:27:34'),
(95, 'd2a9b19c-cbc0-11ed-9123-8e60b21ff602', 1000, 4, 0, '2023-03-26 16:27:34', '2023-03-26 16:27:34'),
(96, 'd2a9b1e2-cbc0-11ed-9f6e-8e60b21ff602', 240, 4, 0, '2023-03-26 16:27:34', '2023-03-26 16:27:34'),
(97, 'd2a9b23c-cbc0-11ed-bb7b-8e60b21ff602', 5000, 4, 0, '2023-03-26 16:27:34', '2023-03-26 16:27:34'),
(98, 'd2a9b28c-cbc0-11ed-8955-8e60b21ff602', 5, 4, 0, '2023-03-26 16:27:34', '2023-03-26 16:27:34'),
(99, 'd2a9b2dc-cbc0-11ed-a83d-8e60b21ff602', 161, 4, 0, '2023-03-26 16:27:34', '2023-03-26 16:27:34'),
(100, 'd2a9b32c-cbc0-11ed-b0f0-8e60b21ff602', 105, 4, 0, '2023-03-26 16:27:34', '2023-03-26 16:27:34'),
(101, 'd2a9b37c-cbc0-11ed-9892-8e60b21ff602', 168, 4, 0, '2023-03-26 16:27:34', '2023-03-26 16:27:34'),
(102, 'd2a9b3cc-cbc0-11ed-a2cd-8e60b21ff602', 241, 4, 0, '2023-03-26 16:27:34', '2023-03-26 16:27:34'),
(103, 'd2a9b41c-cbc0-11ed-b97b-8e60b21ff602', 108, 4, 0, '2023-03-26 16:27:34', '2023-03-26 16:27:34'),
(104, 'd2a9b46c-cbc0-11ed-9a5d-8e60b21ff602', 169, 4, 0, '2023-03-26 16:27:34', '2023-03-26 16:27:34'),
(105, 'd2a9b4bc-cbc0-11ed-8fc6-8e60b21ff602', 243, 4, 0, '2023-03-26 16:27:34', '2023-03-26 16:27:34'),
(106, 'd2a9b50c-cbc0-11ed-8d26-8e60b21ff602', 180, 4, 0, '2023-03-26 16:27:34', '2023-03-26 16:27:34'),
(107, 'd2a9b55c-cbc0-11ed-8f3b-8e60b21ff602', 143, 4, 0, '2023-03-26 16:27:34', '2023-03-26 16:27:34'),
(108, 'd2a9b5ac-cbc0-11ed-ba03-8e60b21ff602', 176, 4, 0, '2023-03-26 16:27:34', '2023-03-26 16:27:34'),
(109, 'd2a9b5fc-cbc0-11ed-b400-8e60b21ff602', 113, 4, 0, '2023-03-26 16:27:34', '2023-03-26 16:27:34'),
(110, 'd2a9b674-cbc0-11ed-892b-8e60b21ff602', 114, 4, 0, '2023-03-26 16:27:34', '2023-03-26 16:27:34'),
(111, 'd2a9b6c4-cbc0-11ed-aa97-8e60b21ff602', 115, 4, 0, '2023-03-26 16:27:34', '2023-03-26 16:27:34'),
(112, 'd2a9b75a-cbc0-11ed-9e00-8e60b21ff602', 185, 4, 0, '2023-03-26 16:27:34', '2023-03-26 16:27:34'),
(113, 'd2a9b7aa-cbc0-11ed-9112-8e60b21ff602', 244, 4, 0, '2023-03-26 16:27:34', '2023-03-26 16:27:34'),
(114, 'd2a9b7fa-cbc0-11ed-8409-8e60b21ff602', 118, 4, 0, '2023-03-26 16:27:34', '2023-03-26 16:27:34'),
(115, 'd2a9b84a-cbc0-11ed-b2b1-8e60b21ff602', 119, 4, 0, '2023-03-26 16:27:34', '2023-03-26 16:27:34'),
(116, 'd2a9b89a-cbc0-11ed-8616-8e60b21ff602', 246, 4, 0, '2023-03-26 16:27:34', '2023-03-26 16:27:34'),
(117, 'd2a9b8ea-cbc0-11ed-a7dc-8e60b21ff602', 121, 4, 0, '2023-03-26 16:27:34', '2023-03-26 16:27:34'),
(118, 'd2a9b93a-cbc0-11ed-8ed0-8e60b21ff602', 122, 4, 0, '2023-03-26 16:27:34', '2023-03-26 16:27:34'),
(119, 'd2a9b98a-cbc0-11ed-ac7b-8e60b21ff602', 5010, 4, 0, '2023-03-26 16:27:34', '2023-03-26 16:27:34'),
(120, 'd2a9b9da-cbc0-11ed-8d3a-8e60b21ff602', 5011, 4, 0, '2023-03-26 16:27:34', '2023-03-26 16:27:34'),
(121, 'd2a9baac-cbc0-11ed-8f61-8e60b21ff602', 125, 4, 0, '2023-03-26 16:27:34', '2023-03-26 16:27:34'),
(122, 'd2a9bafc-cbc0-11ed-86f0-8e60b21ff602', 179, 4, 0, '2023-03-26 16:27:34', '2023-03-26 16:27:34'),
(123, 'd2a9bb60-cbc0-11ed-b988-8e60b21ff602', 127, 4, 0, '2023-03-26 16:27:34', '2023-03-26 16:27:34'),
(124, 'd2a9bbb0-cbc0-11ed-84c4-8e60b21ff602', 129, 4, 0, '2023-03-26 16:27:34', '2023-03-26 16:27:34'),
(125, 'd2a9bc00-cbc0-11ed-8dcd-8e60b21ff602', 181, 4, 0, '2023-03-26 16:27:34', '2023-03-26 16:27:34'),
(126, 'd2a9bc50-cbc0-11ed-8f22-8e60b21ff602', 5012, 4, 0, '2023-03-26 16:27:34', '2023-03-26 16:27:34'),
(127, 'd2a9bca0-cbc0-11ed-ab9f-8e60b21ff602', 131, 4, 0, '2023-03-26 16:27:34', '2023-03-26 16:27:34'),
(128, 'd2a9bcf0-cbc0-11ed-b304-8e60b21ff602', 248, 4, 0, '2023-03-26 16:27:34', '2023-03-26 16:27:34'),
(129, 'd2a9bd4a-cbc0-11ed-b4a8-8e60b21ff602', 133, 4, 0, '2023-03-26 16:27:34', '2023-03-26 16:27:34'),
(130, 'd2a9bd9a-cbc0-11ed-9c6a-8e60b21ff602', 249, 4, 0, '2023-03-26 16:27:34', '2023-03-26 16:27:34'),
(131, 'd2a9bdea-cbc0-11ed-83be-8e60b21ff602', 142, 4, 0, '2023-03-26 16:27:34', '2023-03-26 16:27:34'),
(132, 'd2a9be44-cbc0-11ed-991f-8e60b21ff602', 136, 4, 0, '2023-03-26 16:27:34', '2023-03-26 16:27:34'),
(133, 'd2a9bea8-cbc0-11ed-b565-8e60b21ff602', 182, 4, 0, '2023-03-26 16:27:34', '2023-03-26 16:27:34'),
(134, 'd2a9bf02-cbc0-11ed-b481-8e60b21ff602', 138, 4, 0, '2023-03-26 16:27:34', '2023-03-26 16:27:34'),
(135, 'd2a9bf52-cbc0-11ed-bd4c-8e60b21ff602', 139, 4, 0, '2023-03-26 16:27:34', '2023-03-26 16:27:34'),
(136, 'd2a9bfa2-cbc0-11ed-9c92-8e60b21ff602', 247, 4, 0, '2023-03-26 16:27:34', '2023-03-26 16:27:34'),
(137, 'd2a9bff2-cbc0-11ed-be73-8e60b21ff602', 175, 4, 0, '2023-03-26 16:27:34', '2023-03-26 16:27:34'),
(138, 'd2a9c042-cbc0-11ed-813f-8e60b21ff602', 183, 4, 0, '2023-03-26 16:27:34', '2023-03-26 16:27:34'),
(139, 'd2a9c092-cbc0-11ed-80ae-8e60b21ff602', 250, 4, 0, '2023-03-26 16:27:34', '2023-03-26 16:27:34'),
(140, 'd2a9c0e2-cbc0-11ed-9df5-8e60b21ff602', 251, 4, 0, '2023-03-26 16:27:34', '2023-03-26 16:27:34'),
(141, 'd2a9c1aa-cbc0-11ed-8539-8e60b21ff602', 184, 4, 0, '2023-03-26 16:27:34', '2023-03-26 16:27:34'),
(142, 'd2a9c1fa-cbc0-11ed-883f-8e60b21ff602', 146, 4, 0, '2023-03-26 16:27:34', '2023-03-26 16:27:34'),
(143, 'd2a9c25e-cbc0-11ed-9165-8e60b21ff602', 147, 4, 0, '2023-03-26 16:27:34', '2023-03-26 16:27:34'),
(144, 'd2a9c2ae-cbc0-11ed-b1ec-8e60b21ff602', 5013, 4, 0, '2023-03-26 16:27:34', '2023-03-26 16:27:34'),
(145, 'd2a9c2fe-cbc0-11ed-a375-8e60b21ff602', 5014, 4, 0, '2023-03-26 16:27:34', '2023-03-26 16:27:34'),
(146, 'd2a9c34e-cbc0-11ed-aaef-8e60b21ff602', 162, 4, 0, '2023-03-26 16:27:34', '2023-03-26 16:27:34'),
(147, 'd2a9c3b2-cbc0-11ed-be88-8e60b21ff602', 5015, 4, 0, '2023-03-26 16:27:34', '2023-03-26 16:27:34'),
(148, 'd2a9c40c-cbc0-11ed-943b-8e60b21ff602', 186, 4, 0, '2023-03-26 16:27:34', '2023-03-26 16:27:34'),
(149, 'd2a9c470-cbc0-11ed-bc49-8e60b21ff602', 163, 4, 0, '2023-03-26 16:27:34', '2023-03-26 16:27:34'),
(150, 'd2a9c4b6-cbc0-11ed-b5f5-8e60b21ff602', 154, 4, 0, '2023-03-26 16:27:34', '2023-03-26 16:27:34'),
(151, 'd2a9c506-cbc0-11ed-a1ba-8e60b21ff602', 155, 4, 0, '2023-03-26 16:27:34', '2023-03-26 16:27:34'),
(152, 'd2a9c556-cbc0-11ed-be41-8e60b21ff602', 187, 4, 0, '2023-03-26 16:27:34', '2023-03-26 16:27:34'),
(153, 'd2a9c5a6-cbc0-11ed-8a65-8e60b21ff602', 199, 4, 0, '2023-03-26 16:27:34', '2023-03-26 16:27:34'),
(154, 'd2a9c5f6-cbc0-11ed-a81a-8e60b21ff602', 200, 4, 0, '2023-03-26 16:27:34', '2023-03-26 16:27:34'),
(155, 'd2a9c63c-cbc0-11ed-8d02-8e60b21ff602', 159, 4, 0, '2023-03-26 16:27:34', '2023-03-26 16:27:34'),
(156, 'd2a9c68c-cbc0-11ed-aeb4-8e60b21ff602', 205, 4, 0, '2023-03-26 16:27:34', '2023-03-26 16:27:34'),
(157, 'd2a9c6f0-cbc0-11ed-aa72-8e60b21ff602', 208, 4, 0, '2023-03-26 16:27:34', '2023-03-26 16:27:34'),
(158, 'd2a9c740-cbc0-11ed-ac9d-8e60b21ff602', 210, 4, 0, '2023-03-26 16:27:34', '2023-03-26 16:27:34'),
(159, 'd2a9c790-cbc0-11ed-85b0-8e60b21ff602', 214, 4, 0, '2023-03-26 16:27:34', '2023-03-26 16:27:34'),
(160, 'd2a9c8da-cbc0-11ed-b542-8e60b21ff602', 221, 4, 0, '2023-03-26 16:27:34', '2023-03-26 16:27:34'),
(161, 'd2a9c934-cbc0-11ed-b2fd-8e60b21ff602', 3000, 4, 0, '2023-03-26 16:27:34', '2023-03-26 16:27:34'),
(162, 'd2a9c984-cbc0-11ed-adef-8e60b21ff602', 292, 4, 0, '2023-03-26 16:27:34', '2023-03-26 16:27:34'),
(163, 'd2a9ca10-cbc0-11ed-b892-8e60b21ff602', 228, 4, 0, '2023-03-26 16:27:34', '2023-03-26 16:27:34'),
(164, 'd2a9ca60-cbc0-11ed-a99e-8e60b21ff602', 230, 4, 0, '2023-03-26 16:27:34', '2023-03-26 16:27:34'),
(165, 'd2a9caba-cbc0-11ed-ba76-8e60b21ff602', 231, 4, 0, '2023-03-26 16:27:34', '2023-03-26 16:27:34'),
(166, 'd2a9cb0a-cbc0-11ed-b96c-8e60b21ff602', 232, 4, 0, '2023-03-26 16:27:34', '2023-03-26 16:27:34'),
(167, 'd2a9cb5a-cbc0-11ed-b70b-8e60b21ff602', 234, 4, 0, '2023-03-26 16:27:34', '2023-03-26 16:27:34'),
(168, 'd2a9cbaa-cbc0-11ed-be69-8e60b21ff602', 188, 4, 0, '2023-03-26 16:27:34', '2023-03-26 16:27:34'),
(169, 'd2a9cbfa-cbc0-11ed-b202-8e60b21ff602', 189, 4, 0, '2023-03-26 16:27:34', '2023-03-26 16:27:34'),
(170, 'd2a9cc40-cbc0-11ed-b194-8e60b21ff602', 191, 4, 0, '2023-03-26 16:27:34', '2023-03-26 16:27:34'),
(171, 'd2a9cc90-cbc0-11ed-bed1-8e60b21ff602', 235, 4, 0, '2023-03-26 16:27:34', '2023-03-26 16:27:34'),
(172, 'd2a9ccea-cbc0-11ed-ad33-8e60b21ff602', 5002, 4, 0, '2023-03-26 16:27:34', '2023-03-26 16:27:34'),
(173, 'd2a9cd4e-cbc0-11ed-b40c-8e60b21ff602', 5003, 4, 0, '2023-03-26 16:27:34', '2023-03-26 16:27:34'),
(174, 'd2a9cd94-cbc0-11ed-8653-8e60b21ff602', 236, 4, 0, '2023-03-26 16:27:34', '2023-03-26 16:27:34'),
(175, 'd2a9cde4-cbc0-11ed-b61d-8e60b21ff602', 238, 4, 0, '2023-03-26 16:27:34', '2023-03-26 16:27:34'),
(176, 'd2a9ce34-cbc0-11ed-89cd-8e60b21ff602', 242, 4, 0, '2023-03-26 16:27:34', '2023-03-26 16:27:34'),
(177, 'd2a9ceb6-cbc0-11ed-8a65-8e60b21ff602', 192, 4, 0, '2023-03-26 16:27:34', '2023-03-26 16:27:34'),
(178, 'd2a9cf06-cbc0-11ed-ade7-8e60b21ff602', 193, 4, 0, '2023-03-26 16:27:34', '2023-03-26 16:27:34'),
(179, 'd2a9cf56-cbc0-11ed-89b7-8e60b21ff602', 194, 4, 0, '2023-03-26 16:27:34', '2023-03-26 16:27:34'),
(180, 'd2a9cf9c-cbc0-11ed-92ad-8e60b21ff602', 195, 4, 0, '2023-03-26 16:27:34', '2023-03-26 16:27:34'),
(181, 'd2a9cfec-cbc0-11ed-86c0-8e60b21ff602', 196, 4, 0, '2023-03-26 16:27:34', '2023-03-26 16:27:34'),
(182, 'd2a9d03c-cbc0-11ed-80f1-8e60b21ff602', 197, 4, 0, '2023-03-26 16:27:34', '2023-03-26 16:27:34'),
(183, 'd2a9d082-cbc0-11ed-b5cd-8e60b21ff602', 198, 4, 0, '2023-03-26 16:27:34', '2023-03-26 16:27:34'),
(184, 'd2a9d0d2-cbc0-11ed-9902-8e60b21ff602', 245, 4, 0, '2023-03-26 16:27:34', '2023-03-26 16:27:34'),
(185, 'd2a9d19a-cbc0-11ed-9c4d-8e60b21ff602', 252, 4, 0, '2023-03-26 16:27:34', '2023-03-26 16:27:34'),
(186, 'd2a9d1ea-cbc0-11ed-a37b-8e60b21ff602', 203, 4, 0, '2023-03-26 16:27:34', '2023-03-26 16:27:34'),
(187, 'd2a9d23a-cbc0-11ed-9128-8e60b21ff602', 204, 4, 0, '2023-03-26 16:27:34', '2023-03-26 16:27:34'),
(188, 'd2a9d29e-cbc0-11ed-8c68-8e60b21ff602', 6000, 4, 0, '2023-03-26 16:27:34', '2023-03-26 16:27:34'),
(189, 'd2a9d2ee-cbc0-11ed-b171-8e60b21ff602', 12341, 4, 0, '2023-03-26 16:27:34', '2023-03-26 16:27:34'),
(190, 'd2a9d33e-cbc0-11ed-b568-8e60b21ff602', 206, 4, 14, '2023-03-26 16:27:34', '2023-03-26 16:27:34'),
(191, 'd2a9d38e-cbc0-11ed-8247-8e60b21ff602', 12594, 4, 0, '2023-03-26 16:27:34', '2023-03-26 16:27:34'),
(192, 'd2a9d3de-cbc0-11ed-8983-8e60b21ff602', 5016, 4, 0, '2023-03-26 16:27:34', '2023-03-26 16:27:34'),
(193, 'd2a9d42e-cbc0-11ed-af5a-8e60b21ff602', 253, 4, 0, '2023-03-26 16:27:34', '2023-03-26 16:27:34'),
(194, 'd2a9d47e-cbc0-11ed-b8c6-8e60b21ff602', 254, 4, 0, '2023-03-26 16:27:34', '2023-03-26 16:27:34'),
(195, 'd2a9d50a-cbc0-11ed-8b88-8e60b21ff602', 255, 4, 0, '2023-03-26 16:27:34', '2023-03-26 16:27:34'),
(196, 'd2a9d55a-cbc0-11ed-b40f-8e60b21ff602', 256, 4, 0, '2023-03-26 16:27:34', '2023-03-26 16:27:34'),
(197, 'd2a9d5aa-cbc0-11ed-a018-8e60b21ff602', 257, 4, 0, '2023-03-26 16:27:34', '2023-03-26 16:27:34'),
(198, 'd2a9d5fa-cbc0-11ed-a27d-8e60b21ff602', 258, 4, 0, '2023-03-26 16:27:34', '2023-03-26 16:27:34'),
(199, 'd2a9d64a-cbc0-11ed-bfee-8e60b21ff602', 259, 4, 0, '2023-03-26 16:27:34', '2023-03-26 16:27:34'),
(200, 'd2a9d690-cbc0-11ed-8f1f-8e60b21ff602', 5017, 4, 0, '2023-03-26 16:27:34', '2023-03-26 16:27:34'),
(201, 'd2a9d6e0-cbc0-11ed-a628-8e60b21ff602', 260, 4, 0, '2023-03-26 16:27:34', '2023-03-26 16:27:34'),
(202, 'd2a9d730-cbc0-11ed-85e8-8e60b21ff602', 126, 4, 0, '2023-03-26 16:27:34', '2023-03-26 16:27:34'),
(203, 'd2a9d780-cbc0-11ed-b0d5-8e60b21ff602', 261, 4, 0, '2023-03-26 16:27:34', '2023-03-26 16:27:34'),
(204, 'd2a9d7d0-cbc0-11ed-8111-8e60b21ff602', 307, 4, 0, '2023-03-26 16:27:34', '2023-03-26 16:27:34'),
(205, 'd2a9d816-cbc0-11ed-8c35-8e60b21ff602', 263, 4, 0, '2023-03-26 16:27:34', '2023-03-26 16:27:34'),
(206, 'd2a9d866-cbc0-11ed-8ceb-8e60b21ff602', 264, 4, 0, '2023-03-26 16:27:34', '2023-03-26 16:27:34'),
(207, 'd2a9d8b6-cbc0-11ed-bea1-8e60b21ff602', 223, 4, 0, '2023-03-26 16:27:34', '2023-03-26 16:27:34'),
(208, 'd2a9d906-cbc0-11ed-971c-8e60b21ff602', 269, 4, 14, '2023-03-26 16:27:34', '2023-03-26 16:27:34'),
(209, 'd2a9d94c-cbc0-11ed-afba-8e60b21ff602', 267, 4, 0, '2023-03-26 16:27:34', '2023-03-26 16:27:34'),
(210, 'd2a9d99c-cbc0-11ed-bbc7-8e60b21ff602', 265, 4, 0, '2023-03-26 16:27:34', '2023-03-26 16:27:34'),
(211, 'd2a9d9ec-cbc0-11ed-9b44-8e60b21ff602', 268, 4, 0, '2023-03-26 16:27:34', '2023-03-26 16:27:34'),
(212, 'd2a9da3c-cbc0-11ed-9ff1-8e60b21ff602', 5018, 4, 0, '2023-03-26 16:27:34', '2023-03-26 16:27:34'),
(213, 'd2a9da8c-cbc0-11ed-bf16-8e60b21ff602', 5019, 4, 0, '2023-03-26 16:27:34', '2023-03-26 16:27:34'),
(214, 'd2a9dad2-cbc0-11ed-b466-8e60b21ff602', 266, 4, 0, '2023-03-26 16:27:34', '2023-03-26 16:27:34'),
(215, 'd2a9db22-cbc0-11ed-ade8-8e60b21ff602', 270, 4, 0, '2023-03-26 16:27:34', '2023-03-26 16:27:34'),
(216, 'd2a9db72-cbc0-11ed-b373-8e60b21ff602', 271, 4, 0, '2023-03-26 16:27:34', '2023-03-26 16:27:34'),
(217, 'd2a9dbc2-cbc0-11ed-ace7-8e60b21ff602', 272, 4, 0, '2023-03-26 16:27:34', '2023-03-26 16:27:34'),
(218, 'd2a9dc12-cbc0-11ed-94d1-8e60b21ff602', 273, 4, 0, '2023-03-26 16:27:34', '2023-03-26 16:27:34'),
(219, 'd2a9dc62-cbc0-11ed-9188-8e60b21ff602', 274, 4, 0, '2023-03-26 16:27:34', '2023-03-26 16:27:34'),
(220, 'd2a9dca8-cbc0-11ed-a7aa-8e60b21ff602', 275, 4, 0, '2023-03-26 16:27:34', '2023-03-26 16:27:34'),
(221, 'd2a9dcf8-cbc0-11ed-8767-8e60b21ff602', 276, 4, 0, '2023-03-26 16:27:34', '2023-03-26 16:27:34'),
(222, 'd2a9dd48-cbc0-11ed-9509-8e60b21ff602', 12854, 4, 0, '2023-03-26 16:27:34', '2023-03-26 16:27:34'),
(223, 'd2a9dd98-cbc0-11ed-9b60-8e60b21ff602', 12855, 4, 0, '2023-03-26 16:27:34', '2023-03-26 16:27:34'),
(224, 'd2a9ddde-cbc0-11ed-b6eb-8e60b21ff602', 12857, 4, 0, '2023-03-26 16:27:34', '2023-03-26 16:27:34'),
(225, 'd2a9de2e-cbc0-11ed-9948-8e60b21ff602', 13368, 4, 0, '2023-03-26 16:27:34', '2023-03-26 16:27:34'),
(226, 'd2a9de7e-cbc0-11ed-b3dc-8e60b21ff602', 13618, 4, 0, '2023-03-26 16:27:34', '2023-03-26 16:27:34'),
(227, 'd2a9dece-cbc0-11ed-986a-8e60b21ff602', 14130, 4, 0, '2023-03-26 16:27:34', '2023-03-26 16:27:34'),
(228, 'd2a9df14-cbc0-11ed-95f3-8e60b21ff602', 3158322, 4, 0, '2023-03-26 16:27:34', '2023-03-26 16:27:34'),
(229, 'd2a9df64-cbc0-11ed-92ff-8e60b21ff602', 3158578, 4, 0, '2023-03-26 16:27:34', '2023-03-26 16:27:34'),
(230, 'd2a9dfb4-cbc0-11ed-b849-8e60b21ff602', 3223858, 4, 0, '2023-03-26 16:27:34', '2023-03-26 16:27:34'),
(231, 'd2a9e004-cbc0-11ed-8641-8e60b21ff602', 3225137, 4, 0, '2023-03-26 16:27:34', '2023-03-26 16:27:34'),
(232, 'd2a9e04a-cbc0-11ed-88d0-8e60b21ff602', 3225649, 4, 0, '2023-03-26 16:27:34', '2023-03-26 16:27:34'),
(233, 'd2a9e09a-cbc0-11ed-892d-8e60b21ff602', 3289138, 4, 0, '2023-03-26 16:27:34', '2023-03-26 16:27:34'),
(234, 'd2a9e0ea-cbc0-11ed-b26b-8e60b21ff602', 3420465, 4, 0, '2023-03-26 16:27:34', '2023-03-26 16:27:34'),
(235, 'd2a9e13a-cbc0-11ed-a555-8e60b21ff602', 3486001, 4, 0, '2023-03-26 16:27:34', '2023-03-26 16:27:34'),
(236, 'd2a9e18a-cbc0-11ed-b8af-8e60b21ff602', 3487025, 4, 0, '2023-03-26 16:27:34', '2023-03-26 16:27:34'),
(237, 'd2a9e1da-cbc0-11ed-a608-8e60b21ff602', 3551282, 4, 0, '2023-03-26 16:27:34', '2023-03-26 16:27:34'),
(238, 'd2a9e220-cbc0-11ed-a61e-8e60b21ff602', 3552817, 4, 0, '2023-03-26 16:27:34', '2023-03-26 16:27:34'),
(239, 'd2a9e270-cbc0-11ed-8545-8e60b21ff602', 3616818, 4, 0, '2023-03-26 16:27:34', '2023-03-26 16:27:34'),
(240, 'd2a9e2c0-cbc0-11ed-8cd4-8e60b21ff602', 3617074, 4, 0, '2023-03-26 16:27:34', '2023-03-26 16:27:34'),
(241, 'd2a9e306-cbc0-11ed-be5d-8e60b21ff602', 3618097, 4, 0, '2023-03-26 16:27:34', '2023-03-26 16:27:34'),
(242, 'd2a9e356-cbc0-11ed-b185-8e60b21ff602', 3619121, 4, 0, '2023-03-26 16:27:34', '2023-03-26 16:27:34'),
(243, 'd2a9e3a6-cbc0-11ed-b5e6-8e60b21ff602', 3682354, 4, 0, '2023-03-26 16:27:34', '2023-03-26 16:27:34'),
(244, 'd2a9e3f6-cbc0-11ed-a9d4-8e60b21ff602', 959459381, 4, 0, '2023-03-26 16:27:34', '2023-03-26 16:27:34'),
(245, 'd2a9e446-cbc0-11ed-86aa-8e60b21ff602', 277, 4, 0, '2023-03-26 16:27:34', '2023-03-26 16:27:34'),
(246, 'd2a9e48c-cbc0-11ed-b03e-8e60b21ff602', 5020, 4, 0, '2023-03-26 16:27:34', '2023-03-26 16:27:34'),
(247, 'd2a9e4dc-cbc0-11ed-8b90-8e60b21ff602', 5021, 4, 0, '2023-03-26 16:27:34', '2023-03-26 16:27:34'),
(248, 'd2a9e52c-cbc0-11ed-b0b1-8e60b21ff602', 278, 4, 0, '2023-03-26 16:27:34', '2023-03-26 16:27:34'),
(249, 'd2a9e57c-cbc0-11ed-8c19-8e60b21ff602', 284, 4, 0, '2023-03-26 16:27:34', '2023-03-26 16:27:34'),
(250, 'd2a9e5cc-cbc0-11ed-9f95-8e60b21ff602', 283, 4, 0, '2023-03-26 16:27:34', '2023-03-26 16:27:34'),
(251, 'd2a9e61c-cbc0-11ed-a586-8e60b21ff602', 282, 4, 0, '2023-03-26 16:27:34', '2023-03-26 16:27:34'),
(252, 'd2a9e66c-cbc0-11ed-917b-8e60b21ff602', 294, 4, 0, '2023-03-26 16:27:34', '2023-03-26 16:27:34'),
(253, 'd2a9e6bc-cbc0-11ed-a63c-8e60b21ff602', 279, 4, 0, '2023-03-26 16:27:34', '2023-03-26 16:27:34'),
(254, 'd2a9e702-cbc0-11ed-8d6e-8e60b21ff602', 280, 4, 0, '2023-03-26 16:27:34', '2023-03-26 16:27:34'),
(255, 'd2a9e752-cbc0-11ed-9a3e-8e60b21ff602', 281, 4, 0, '2023-03-26 16:27:34', '2023-03-26 16:27:34'),
(256, 'd2a9e798-cbc0-11ed-82f9-8e60b21ff602', 312, 4, 0, '2023-03-26 16:27:34', '2023-03-26 16:27:34'),
(257, 'd2a9e7f2-cbc0-11ed-864e-8e60b21ff602', 347, 4, 0, '2023-03-26 16:27:34', '2023-03-26 16:27:34'),
(258, 'd2a9e842-cbc0-11ed-81c5-8e60b21ff602', 286, 4, 0, '2023-03-26 16:27:34', '2023-03-26 16:27:34'),
(259, 'd2a9e892-cbc0-11ed-b60c-8e60b21ff602', 287, 4, 0, '2023-03-26 16:27:34', '2023-03-26 16:27:34'),
(260, 'd2a9e8e2-cbc0-11ed-b4d3-8e60b21ff602', 289, 4, 0, '2023-03-26 16:27:34', '2023-03-26 16:27:34'),
(261, 'd2a9e932-cbc0-11ed-a553-8e60b21ff602', 288, 4, 0, '2023-03-26 16:27:34', '2023-03-26 16:27:34'),
(262, 'd2a9e978-cbc0-11ed-a39a-8e60b21ff602', 290, 4, 0, '2023-03-26 16:27:34', '2023-03-26 16:27:34'),
(263, 'd2a9e9c8-cbc0-11ed-9b7e-8e60b21ff602', 291, 4, 0, '2023-03-26 16:27:34', '2023-03-26 16:27:34'),
(264, 'd2a9ea18-cbc0-11ed-a6d2-8e60b21ff602', 293, 4, 0, '2023-03-26 16:27:34', '2023-03-26 16:27:34'),
(265, 'd2a9ea5e-cbc0-11ed-bfda-8e60b21ff602', 5022, 4, 0, '2023-03-26 16:27:34', '2023-03-26 16:27:34'),
(266, 'd2a9eaae-cbc0-11ed-ae60-8e60b21ff602', 331, 4, 0, '2023-03-26 16:27:34', '2023-03-26 16:27:34'),
(267, 'd2a9eafe-cbc0-11ed-ba1d-8e60b21ff602', 5023, 4, 0, '2023-03-26 16:27:34', '2023-03-26 16:27:34'),
(268, 'd2a9eb4e-cbc0-11ed-ae9d-8e60b21ff602', 299, 4, 0, '2023-03-26 16:27:34', '2023-03-26 16:27:34'),
(269, 'd2a9eb9e-cbc0-11ed-8c67-8e60b21ff602', 5034, 4, 0, '2023-03-26 16:27:34', '2023-03-26 16:27:34'),
(270, 'd2a9ebe4-cbc0-11ed-a886-8e60b21ff602', 301, 4, 0, '2023-03-26 16:27:34', '2023-03-26 16:27:34'),
(271, 'd2a9ec34-cbc0-11ed-95c0-8e60b21ff602', 15, 4, 0, '2023-03-26 16:27:34', '2023-03-26 16:27:34'),
(272, 'd2a9ec84-cbc0-11ed-a980-8e60b21ff602', 304, 4, 0, '2023-03-26 16:27:34', '2023-03-26 16:27:34'),
(273, 'd2a9ecd4-cbc0-11ed-843d-8e60b21ff602', 303, 4, 0, '2023-03-26 16:27:34', '2023-03-26 16:27:34'),
(274, 'd2a9ed24-cbc0-11ed-8dd3-8e60b21ff602', 305, 4, 0, '2023-03-26 16:27:34', '2023-03-26 16:27:34'),
(275, 'd2a9ed74-cbc0-11ed-bb17-8e60b21ff602', 262, 4, 0, '2023-03-26 16:27:34', '2023-03-26 16:27:34'),
(276, 'd2a9edc4-cbc0-11ed-8959-8e60b21ff602', 5028, 4, 0, '2023-03-26 16:27:34', '2023-03-26 16:27:34'),
(277, 'd2a9ee0a-cbc0-11ed-8262-8e60b21ff602', 306, 4, 0, '2023-03-26 16:27:34', '2023-03-26 16:27:34'),
(278, 'd2a9ee5a-cbc0-11ed-b7ed-8e60b21ff602', 310, 4, 0, '2023-03-26 16:27:34', '2023-03-26 16:27:34'),
(279, 'd2a9eeaa-cbc0-11ed-89e0-8e60b21ff602', 311, 4, 0, '2023-03-26 16:27:34', '2023-03-26 16:27:34'),
(280, 'd2a9eefa-cbc0-11ed-a6b3-8e60b21ff602', 308, 4, 0, '2023-03-26 16:27:34', '2023-03-26 16:27:34'),
(281, 'd2a9ef4a-cbc0-11ed-9527-8e60b21ff602', 309, 4, 0, '2023-03-26 16:27:34', '2023-03-26 16:27:34'),
(282, 'd2a9ef9a-cbc0-11ed-acb8-8e60b21ff602', 5024, 4, 0, '2023-03-26 16:27:34', '2023-03-26 16:27:34'),
(283, 'd2a9efea-cbc0-11ed-a598-8e60b21ff602', 5025, 4, 0, '2023-03-26 16:27:34', '2023-03-26 16:27:34'),
(284, 'd2a9f030-cbc0-11ed-81dd-8e60b21ff602', 5026, 4, 0, '2023-03-26 16:27:34', '2023-03-26 16:27:34'),
(285, 'd2a9f080-cbc0-11ed-96f7-8e60b21ff602', 5027, 4, 0, '2023-03-26 16:27:34', '2023-03-26 16:27:34'),
(286, 'd2a9f0d0-cbc0-11ed-9744-8e60b21ff602', 5029, 4, 0, '2023-03-26 16:27:34', '2023-03-26 16:27:34'),
(287, 'd2a9f120-cbc0-11ed-8c1d-8e60b21ff602', 5030, 4, 0, '2023-03-26 16:27:34', '2023-03-26 16:27:34'),
(288, 'd2a9f166-cbc0-11ed-a319-8e60b21ff602', 225, 4, 0, '2023-03-26 16:27:34', '2023-03-26 16:27:34'),
(289, 'd2a9f1b6-cbc0-11ed-b9f8-8e60b21ff602', 318, 4, 0, '2023-03-26 16:27:34', '2023-03-26 16:27:34'),
(290, 'd2a9f206-cbc0-11ed-8762-8e60b21ff602', 316, 4, 0, '2023-03-26 16:27:34', '2023-03-26 16:27:34'),
(291, 'd2a9f256-cbc0-11ed-95a2-8e60b21ff602', 315, 4, 0, '2023-03-26 16:27:34', '2023-03-26 16:27:34'),
(292, 'd2a9f2a6-cbc0-11ed-9b58-8e60b21ff602', 314, 4, 0, '2023-03-26 16:27:34', '2023-03-26 16:27:34'),
(293, 'd2a9f2ec-cbc0-11ed-b940-8e60b21ff602', 317, 4, 0, '2023-03-26 16:27:34', '2023-03-26 16:27:34'),
(294, 'd2a9f33c-cbc0-11ed-b678-8e60b21ff602', 319, 4, 0, '2023-03-26 16:27:34', '2023-03-26 16:27:34'),
(295, 'd2a9f38c-cbc0-11ed-bddb-8e60b21ff602', 320, 4, 0, '2023-03-26 16:27:34', '2023-03-26 16:27:34'),
(296, 'd2a9f3dc-cbc0-11ed-8aac-8e60b21ff602', 323, 4, 0, '2023-03-26 16:27:34', '2023-03-26 16:27:34'),
(297, 'd2a9f42c-cbc0-11ed-8e42-8e60b21ff602', 313, 4, 0, '2023-03-26 16:27:34', '2023-03-26 16:27:34'),
(298, 'd2a9f472-cbc0-11ed-b0a9-8e60b21ff602', 321, 4, 0, '2023-03-26 16:27:34', '2023-03-26 16:27:34'),
(299, 'd2a9f4c2-cbc0-11ed-8c0d-8e60b21ff602', 322, 4, 0, '2023-03-26 16:27:34', '2023-03-26 16:27:34'),
(300, 'd2a9f512-cbc0-11ed-88cf-8e60b21ff602', 5031, 4, 0, '2023-03-26 16:27:34', '2023-03-26 16:27:34'),
(301, 'd2a9f562-cbc0-11ed-ac00-8e60b21ff602', 5032, 4, 0, '2023-03-26 16:27:34', '2023-03-26 16:27:34'),
(302, 'd2a9f5b2-cbc0-11ed-a9ad-8e60b21ff602', 5033, 4, 0, '2023-03-26 16:27:34', '2023-03-26 16:27:34'),
(303, 'd2a9f5f8-cbc0-11ed-8cbe-8e60b21ff602', 324, 4, 0, '2023-03-26 16:27:34', '2023-03-26 16:27:34'),
(304, 'd2a9f648-cbc0-11ed-8a87-8e60b21ff602', 325, 4, 0, '2023-03-26 16:27:34', '2023-03-26 16:27:34'),
(305, 'd2a9f698-cbc0-11ed-bab2-8e60b21ff602', 326, 4, 0, '2023-03-26 16:27:34', '2023-03-26 16:27:34'),
(306, 'd2a9f6e8-cbc0-11ed-a87b-8e60b21ff602', 327, 4, 0, '2023-03-26 16:27:34', '2023-03-26 16:27:34'),
(307, 'd2a9f738-cbc0-11ed-91af-8e60b21ff602', 328, 4, 0, '2023-03-26 16:27:34', '2023-03-26 16:27:34'),
(308, 'd2a9f77e-cbc0-11ed-9b63-8e60b21ff602', 5042, 4, 0, '2023-03-26 16:27:34', '2023-03-26 16:27:34'),
(309, 'd2a9f7ce-cbc0-11ed-9397-8e60b21ff602', 329, 4, 0, '2023-03-26 16:27:34', '2023-03-26 16:27:34'),
(310, 'd2a9f81e-cbc0-11ed-b38a-8e60b21ff602', 330, 4, 0, '2023-03-26 16:27:34', '2023-03-26 16:27:34'),
(311, 'd2a9f86e-cbc0-11ed-965d-8e60b21ff602', 5035, 4, 0, '2023-03-26 16:27:34', '2023-03-26 16:27:34'),
(312, 'd2a9f8be-cbc0-11ed-bbab-8e60b21ff602', 5036, 4, 0, '2023-03-26 16:27:34', '2023-03-26 16:27:34'),
(313, 'd2a9f90e-cbc0-11ed-a6f0-8e60b21ff602', 296, 4, 0, '2023-03-26 16:27:34', '2023-03-26 16:27:34'),
(314, 'd2a9f95e-cbc0-11ed-b613-8e60b21ff602', 297, 4, 0, '2023-03-26 16:27:34', '2023-03-26 16:27:34'),
(315, 'd2a9f9ae-cbc0-11ed-8972-8e60b21ff602', 300, 4, 0, '2023-03-26 16:27:34', '2023-03-26 16:27:34'),
(316, 'd2a9f9f4-cbc0-11ed-85b8-8e60b21ff602', 332, 4, 0, '2023-03-26 16:27:34', '2023-03-26 16:27:34'),
(317, 'd2a9fa44-cbc0-11ed-9bb9-8e60b21ff602', 337, 4, 0, '2023-03-26 16:27:34', '2023-03-26 16:27:34'),
(318, 'd2a9fa94-cbc0-11ed-8dca-8e60b21ff602', 338, 4, 0, '2023-03-26 16:27:34', '2023-03-26 16:27:34'),
(319, 'd2a9fae4-cbc0-11ed-913e-8e60b21ff602', 333, 4, 0, '2023-03-26 16:27:34', '2023-03-26 16:27:34'),
(320, 'd2a9fb34-cbc0-11ed-8633-8e60b21ff602', 336, 4, 0, '2023-03-26 16:27:34', '2023-03-26 16:27:34'),
(321, 'd2a9fb84-cbc0-11ed-b279-8e60b21ff602', 334, 4, 0, '2023-03-26 16:27:34', '2023-03-26 16:27:34'),
(322, 'd2a9fbd4-cbc0-11ed-9bdb-8e60b21ff602', 216, 4, 0, '2023-03-26 16:27:34', '2023-03-26 16:27:34'),
(323, 'd2a9fc1a-cbc0-11ed-8c39-8e60b21ff602', 12339, 4, 0, '2023-03-26 16:27:34', '2023-03-26 16:27:34'),
(324, 'd2a9fc6a-cbc0-11ed-9251-8e60b21ff602', 12851, 4, 0, '2023-03-26 16:27:34', '2023-03-26 16:27:34'),
(325, 'd2a9fcba-cbc0-11ed-bc78-8e60b21ff602', 13873, 4, 0, '2023-03-26 16:27:34', '2023-03-26 16:27:34'),
(326, 'd2a9fd0a-cbc0-11ed-8374-8e60b21ff602', 13874, 4, 0, '2023-03-26 16:27:34', '2023-03-26 16:27:34'),
(327, 'd2a9fd5a-cbc0-11ed-9a6a-8e60b21ff602', 341, 4, 0, '2023-03-26 16:27:34', '2023-03-26 16:27:34'),
(328, 'd2a9fdaa-cbc0-11ed-a097-8e60b21ff602', 339, 4, 0, '2023-03-26 16:27:34', '2023-03-26 16:27:34'),
(329, 'd2a9fdf0-cbc0-11ed-b221-8e60b21ff602', 340, 4, 0, '2023-03-26 16:27:34', '2023-03-26 16:27:34'),
(330, 'd2a9fe40-cbc0-11ed-923f-8e60b21ff602', 343, 4, 0, '2023-03-26 16:27:34', '2023-03-26 16:27:34'),
(331, 'd2a9fe90-cbc0-11ed-bf20-8e60b21ff602', 5037, 4, 0, '2023-03-26 16:27:34', '2023-03-26 16:27:34'),
(332, 'd2a9fee0-cbc0-11ed-bc82-8e60b21ff602', 5038, 4, 0, '2023-03-26 16:27:34', '2023-03-26 16:27:34'),
(333, 'd2a9ff30-cbc0-11ed-8f56-8e60b21ff602', 345, 4, 0, '2023-03-26 16:27:34', '2023-03-26 16:27:34'),
(334, 'd2a9ff76-cbc0-11ed-9d93-8e60b21ff602', 344, 4, 0, '2023-03-26 16:27:34', '2023-03-26 16:27:34'),
(335, 'd2a9ffc6-cbc0-11ed-8307-8e60b21ff602', 346, 4, 14, '2023-03-26 16:27:34', '2023-03-26 16:27:34'),
(336, 'd2aa0016-cbc0-11ed-89c0-8e60b21ff602', 5040, 4, 0, '2023-03-26 16:27:34', '2023-03-26 16:27:34'),
(337, 'd2aa0066-cbc0-11ed-a06f-8e60b21ff602', 355, 4, 0, '2023-03-26 16:27:34', '2023-03-26 16:27:34'),
(338, 'd2aa00b6-cbc0-11ed-9779-8e60b21ff602', 356, 4, 0, '2023-03-26 16:27:34', '2023-03-26 16:27:34'),
(339, 'd2aa0106-cbc0-11ed-9a08-8e60b21ff602', 357, 4, 0, '2023-03-26 16:27:34', '2023-03-26 16:27:34'),
(340, 'd2aa0156-cbc0-11ed-bd3c-8e60b21ff602', 348, 4, 0, '2023-03-26 16:27:34', '2023-03-26 16:27:34'),
(341, 'd2aa01a6-cbc0-11ed-9800-8e60b21ff602', 350, 4, 0, '2023-03-26 16:27:34', '2023-03-26 16:27:34'),
(342, 'd2aa01f6-cbc0-11ed-a1cf-8e60b21ff602', 349, 4, 0, '2023-03-26 16:27:34', '2023-03-26 16:27:34'),
(343, 'd2aa023c-cbc0-11ed-adc2-8e60b21ff602', 5039, 4, 0, '2023-03-26 16:27:34', '2023-03-26 16:27:34'),
(344, 'd2aa0296-cbc0-11ed-9ebb-8e60b21ff602', 352, 4, 0, '2023-03-26 16:27:34', '2023-03-26 16:27:34'),
(345, 'd2aa02e6-cbc0-11ed-afdd-8e60b21ff602', 351, 4, 0, '2023-03-26 16:27:34', '2023-03-26 16:27:34'),
(346, 'd2aa0336-cbc0-11ed-b08d-8e60b21ff602', 354, 4, 0, '2023-03-26 16:27:34', '2023-03-26 16:27:34'),
(347, 'd2aa0386-cbc0-11ed-b47c-8e60b21ff602', 353, 4, 0, '2023-03-26 16:27:34', '2023-03-26 16:27:34'),
(348, 'd2aa03cc-cbc0-11ed-b74e-8e60b21ff602', 358, 4, 0, '2023-03-26 16:27:34', '2023-03-26 16:27:34'),
(349, 'd2aa041c-cbc0-11ed-9704-8e60b21ff602', 359, 4, 0, '2023-03-26 16:27:34', '2023-03-26 16:27:34'),
(350, 'd2aa046c-cbc0-11ed-b83f-8e60b21ff602', 360, 4, 0, '2023-03-26 16:27:34', '2023-03-26 16:27:34'),
(351, 'd2aa04bc-cbc0-11ed-b72d-8e60b21ff602', 361, 4, 0, '2023-03-26 16:27:34', '2023-03-26 16:27:34'),
(352, 'd2aa050c-cbc0-11ed-b83a-8e60b21ff602', 364, 4, 0, '2023-03-26 16:27:34', '2023-03-26 16:27:34'),
(353, 'd2aa055c-cbc0-11ed-9a00-8e60b21ff602', 366, 4, 0, '2023-03-26 16:27:34', '2023-03-26 16:27:34'),
(354, 'd2aa05a2-cbc0-11ed-8c34-8e60b21ff602', 362, 4, 0, '2023-03-26 16:27:34', '2023-03-26 16:27:34'),
(355, 'd2aa05f2-cbc0-11ed-bb55-8e60b21ff602', 363, 4, 0, '2023-03-26 16:27:34', '2023-03-26 16:27:34'),
(356, 'd2aa0642-cbc0-11ed-a436-8e60b21ff602', 365, 4, 0, '2023-03-26 16:27:34', '2023-03-26 16:27:34'),
(357, 'd2aa0692-cbc0-11ed-9313-8e60b21ff602', 13369, 4, 0, '2023-03-26 16:27:34', '2023-03-26 16:27:34'),
(358, 'd2aa06e2-cbc0-11ed-88d6-8e60b21ff602', 13875, 4, 0, '2023-03-26 16:27:34', '2023-03-26 16:27:34'),
(359, 'd2aa0732-cbc0-11ed-9a1c-8e60b21ff602', 3551281, 4, 0, '2023-03-26 16:27:34', '2023-03-26 16:27:34'),
(360, 'd2aa0782-cbc0-11ed-9423-8e60b21ff602', 368, 4, 0, '2023-03-26 16:27:34', '2023-03-26 16:27:34'),
(361, 'd2aa07c8-cbc0-11ed-856f-8e60b21ff602', 370, 4, 0, '2023-03-26 16:27:34', '2023-03-26 16:27:34'),
(362, 'd2aa0818-cbc0-11ed-9d05-8e60b21ff602', 371, 4, 0, '2023-03-26 16:27:34', '2023-03-26 16:27:34'),
(363, 'd2aa0868-cbc0-11ed-b034-8e60b21ff602', 372, 4, 0, '2023-03-26 16:27:34', '2023-03-26 16:27:34'),
(364, 'd2aa08b8-cbc0-11ed-a277-8e60b21ff602', 295, 4, 0, '2023-03-26 16:27:34', '2023-03-26 16:27:34'),
(365, 'd2aa0908-cbc0-11ed-bffa-8e60b21ff602', 373, 4, 0, '2023-03-26 16:27:34', '2023-03-26 16:27:34'),
(366, 'd2aa0958-cbc0-11ed-974c-8e60b21ff602', 378, 4, 0, '2023-03-26 16:27:34', '2023-03-26 16:27:34'),
(367, 'd2aa09a8-cbc0-11ed-affb-8e60b21ff602', 377, 4, 0, '2023-03-26 16:27:34', '2023-03-26 16:27:34'),
(368, 'd2aa09ee-cbc0-11ed-9721-8e60b21ff602', 376, 4, 0, '2023-03-26 16:27:34', '2023-03-26 16:27:34'),
(369, 'd2aa0a3e-cbc0-11ed-92a3-8e60b21ff602', 374, 4, 0, '2023-03-26 16:27:34', '2023-03-26 16:27:34'),
(370, 'd2aa0a8e-cbc0-11ed-a176-8e60b21ff602', 375, 4, 0, '2023-03-26 16:27:34', '2023-03-26 16:27:34'),
(371, 'd2aa0ade-cbc0-11ed-a073-8e60b21ff602', 379, 4, 0, '2023-03-26 16:27:34', '2023-03-26 16:27:34'),
(372, 'd2aa0b2e-cbc0-11ed-9695-8e60b21ff602', 777777, 4, 0, '2023-03-26 16:27:34', '2023-03-26 16:27:34'),
(373, 'd2aa0b7e-cbc0-11ed-9e3f-8e60b21ff602', 380, 4, 0, '2023-03-26 16:27:34', '2023-03-26 16:27:34'),
(374, 'd2aa0bc4-cbc0-11ed-8e5f-8e60b21ff602', 382, 4, 0, '2023-03-26 16:27:34', '2023-03-26 16:27:34'),
(375, 'd2aa0c14-cbc0-11ed-95e4-8e60b21ff602', 389, 4, 0, '2023-03-26 16:27:34', '2023-03-26 16:27:34'),
(376, 'd2aa0c64-cbc0-11ed-8d81-8e60b21ff602', 390, 4, 0, '2023-03-26 16:27:34', '2023-03-26 16:27:34'),
(377, 'd2aa0cbe-cbc0-11ed-8795-8e60b21ff602', 383, 4, 0, '2023-03-26 16:27:34', '2023-03-26 16:27:34'),
(378, 'd2aa0d0e-cbc0-11ed-acaf-8e60b21ff602', 388, 4, 0, '2023-03-26 16:27:34', '2023-03-26 16:27:34'),
(379, 'd2aa0d5e-cbc0-11ed-947a-8e60b21ff602', 384, 4, 0, '2023-03-26 16:27:34', '2023-03-26 16:27:34'),
(380, 'd2aa0dae-cbc0-11ed-918b-8e60b21ff602', 385, 4, 0, '2023-03-26 16:27:34', '2023-03-26 16:27:34'),
(381, 'd2aa0dfe-cbc0-11ed-a957-8e60b21ff602', 387, 4, 0, '2023-03-26 16:27:34', '2023-03-26 16:27:34'),
(382, 'd2aa0e4e-cbc0-11ed-b14e-8e60b21ff602', 386, 4, 0, '2023-03-26 16:27:34', '2023-03-26 16:27:34'),
(383, 'd2aa0e9e-cbc0-11ed-a9b7-8e60b21ff602', 391, 4, 0, '2023-03-26 16:27:34', '2023-03-26 16:27:34'),
(384, 'd2b137e6-cbc0-11ed-9912-8e60b21ff602', 222, 3, 14, '2023-03-26 16:27:34', '2023-03-26 16:27:34'),
(385, 'd2b13854-cbc0-11ed-ba11-8e60b21ff602', 45, 3, 0, '2023-03-26 16:27:34', '2023-03-26 16:27:34'),
(386, 'd2bfe7b4-cbc0-11ed-a21f-8e60b21ff602', 999999999, 5, 14, '2023-03-26 16:27:34', '2023-03-26 16:27:34'),
(387, 'd2bfe82c-cbc0-11ed-a1d0-8e60b21ff602', 1096, 5, 0, '2023-03-26 16:27:34', '2023-03-26 16:27:34'),
(388, 'd2bfe87c-cbc0-11ed-99bf-8e60b21ff602', 5018, 5, 0, '2023-03-26 16:27:34', '2023-03-26 16:27:34'),
(389, 'd2bfe8d6-cbc0-11ed-b137-8e60b21ff602', 269, 5, 4, '2023-03-26 16:27:34', '2023-03-26 16:27:34'),
(390, 'd2bfe926-cbc0-11ed-b666-8e60b21ff602', 1111, 5, 0, '2023-03-26 16:27:34', '2023-03-26 16:27:34'),
(391, 'd2bfe976-cbc0-11ed-a77e-8e60b21ff602', 241, 5, 0, '2023-03-26 16:27:34', '2023-03-26 16:27:34'),
(392, 'd2bfe9c6-cbc0-11ed-adef-8e60b21ff602', 346, 5, 4, '2023-03-26 16:27:34', '2023-03-26 16:27:34'),
(393, 'd2bfea16-cbc0-11ed-8678-8e60b21ff602', 258, 5, 0, '2023-03-26 16:27:34', '2023-03-26 16:27:34'),
(394, 'd2bfea66-cbc0-11ed-85f2-8e60b21ff602', 1150, 5, 0, '2023-03-26 16:27:34', '2023-03-26 16:27:34'),
(395, 'd2bfeab6-cbc0-11ed-8eae-8e60b21ff602', 211, 5, 4, '2023-03-26 16:27:34', '2023-03-26 16:27:34'),
(396, 'd2bfeb06-cbc0-11ed-8fd2-8e60b21ff602', 72, 5, 0, '2023-03-26 16:27:34', '2023-03-26 16:27:34'),
(397, 'd2bfeb56-cbc0-11ed-8b08-8e60b21ff602', 5, 5, 0, '2023-03-26 16:27:34', '2023-03-26 16:27:34'),
(398, 'd2bfeba6-cbc0-11ed-871a-8e60b21ff602', 21, 5, 0, '2023-03-26 16:27:34', '2023-03-26 16:27:34'),
(399, 'd2bfebf6-cbc0-11ed-8997-8e60b21ff602', 70, 5, 0, '2023-03-26 16:27:34', '2023-03-26 16:27:34'),
(400, 'd2bfec46-cbc0-11ed-8ebc-8e60b21ff602', 154, 5, 0, '2023-03-26 16:27:34', '2023-03-26 16:27:34'),
(401, 'd2bfec96-cbc0-11ed-811c-8e60b21ff602', 5027, 5, 0, '2023-03-26 16:27:34', '2023-03-26 16:27:34'),
(402, 'd2bfece6-cbc0-11ed-8f4f-8e60b21ff602', 5032, 5, 0, '2023-03-26 16:27:34', '2023-03-26 16:27:34'),
(403, 'd2bfed40-cbc0-11ed-b6ed-8e60b21ff602', 5029, 5, 0, '2023-03-26 16:27:34', '2023-03-26 16:27:34'),
(404, 'd2bfed90-cbc0-11ed-81f8-8e60b21ff602', 5017, 5, 0, '2023-03-26 16:27:34', '2023-03-26 16:27:34'),
(405, 'd2bfedd6-cbc0-11ed-8f3f-8e60b21ff602', 5013, 5, 0, '2023-03-26 16:27:34', '2023-03-26 16:27:34'),
(406, 'd2bfee26-cbc0-11ed-b2e2-8e60b21ff602', 5024, 5, 0, '2023-03-26 16:27:34', '2023-03-26 16:27:34'),
(407, 'd2bfee76-cbc0-11ed-9bc5-8e60b21ff602', 5022, 5, 0, '2023-03-26 16:27:34', '2023-03-26 16:27:34'),
(408, 'd2bfeed0-cbc0-11ed-9724-8e60b21ff602', 5031, 5, 0, '2023-03-26 16:27:34', '2023-03-26 16:27:34'),
(409, 'd2bfef20-cbc0-11ed-a596-8e60b21ff602', 5041, 5, 0, '2023-03-26 16:27:34', '2023-03-26 16:27:34'),
(410, 'd2bfef70-cbc0-11ed-ae2a-8e60b21ff602', 5021, 5, 14, '2023-03-26 16:27:34', '2023-03-26 16:27:34'),
(411, 'd2bfefc0-cbc0-11ed-8a75-8e60b21ff602', 5035, 5, 0, '2023-03-26 16:27:34', '2023-03-26 16:27:34'),
(412, 'd2bff010-cbc0-11ed-b26d-8e60b21ff602', 5033, 5, 0, '2023-03-26 16:27:34', '2023-03-26 16:27:34'),
(413, 'd2bff060-cbc0-11ed-b352-8e60b21ff602', 5014, 5, 0, '2023-03-26 16:27:34', '2023-03-26 16:27:34'),
(414, 'd2bff0b0-cbc0-11ed-8d2c-8e60b21ff602', 5010, 5, 0, '2023-03-26 16:27:34', '2023-03-26 16:27:34'),
(415, 'd2bff100-cbc0-11ed-8832-8e60b21ff602', 5011, 5, 0, '2023-03-26 16:27:34', '2023-03-26 16:27:34'),
(416, 'd2bff150-cbc0-11ed-98a9-8e60b21ff602', 5012, 5, 0, '2023-03-26 16:27:34', '2023-03-26 16:27:34'),
(417, 'd2bff1a0-cbc0-11ed-80b0-8e60b21ff602', 5023, 5, 0, '2023-03-26 16:27:34', '2023-03-26 16:27:34'),
(418, 'd2bff1f0-cbc0-11ed-8292-8e60b21ff602', 5036, 5, 0, '2023-03-26 16:27:34', '2023-03-26 16:27:34'),
(419, 'd2bff240-cbc0-11ed-8edf-8e60b21ff602', 5037, 5, 0, '2023-03-26 16:27:34', '2023-03-26 16:27:34'),
(420, 'd2bff290-cbc0-11ed-b5be-8e60b21ff602', 5040, 5, 0, '2023-03-26 16:27:34', '2023-03-26 16:27:34'),
(421, 'd2bff2e0-cbc0-11ed-9124-8e60b21ff602', 5042, 5, 0, '2023-03-26 16:27:34', '2023-03-26 16:27:34'),
(422, 'd2bff330-cbc0-11ed-9c10-8e60b21ff602', 206, 5, 0, '2023-03-26 16:27:34', '2023-03-26 16:27:34');

--
-- Dumping data for table `location`
--

INSERT INTO `location` (`id`, `uuid`, `location`, `address`, `status`, `createdAt`, `updatedAt`) VALUES
(1, 'f9502f41-1652-44fd-b555-5281a3998f1d', 'Bashundhara R/A', 'JCX Business Tower, 3rd & 6th Floor\nPlot - 1136/A, Block - I, Bashundhara R/A,\nDhaka 1229, Bangladesh', 1, '2023-03-23 11:39:01', '2023-03-23 11:39:01'),
(4, '6d6077dc-26bd-4c66-969c-5869e18e522e', 'Banani Front', 'Rangs Pearl Tower, 4th Floor,\r\nHouse no. 76, Road 12, Block E,\r\nBanani, Dhaka 1213, Bangladesh', 1, '2023-03-23 11:39:01', '2023-03-23 11:39:01'),
(5, '1805cfe7-b347-43ca-a0e0-f573a010d2fb', 'Chittagong', 'Chittagong, Bangladesh', 1, '2023-03-23 11:39:01', '2023-03-23 11:39:01'),
(6, 'd4250078-bdfa-4e73-ac3c-a47fb6cfb6d2', 'DeshiPay', 'JCX Business Tower (6th Floor),\r\nPlot # 1133/A, Block # I,\r\nJapan Street, Bashundhara R/A,\r\nDhaka - 1229, Bangladesh', 1, '2023-03-23 11:39:01', '2023-03-23 11:39:01');
COMMIT;

/*!40101 SET CHARACTER_SET_CLIENT=@OLD_CHARACTER_SET_CLIENT */;
/*!40101 SET CHARACTER_SET_RESULTS=@OLD_CHARACTER_SET_RESULTS */;
/*!40101 SET COLLATION_CONNECTION=@OLD_COLLATION_CONNECTION */;
