-- phpMyAdmin SQL Dump
-- version 5.2.0
-- https://www.phpmyadmin.net/
--
-- Host: localhost
-- Generation Time: Mar 26, 2023 at 05:07 PM
-- Server version: 8.0.32-0ubuntu0.20.04.2
-- PHP Version: 7.4.3-4ubuntu2.18

SET FOREIGN_KEY_CHECKS=0;
SET SQL_MODE = "NO_AUTO_VALUE_ON_ZERO";
START TRANSACTION;
SET time_zone = "+00:00";


/*!40101 SET @OLD_CHARACTER_SET_CLIENT=@@CHARACTER_SET_CLIENT */;
/*!40101 SET @OLD_CHARACTER_SET_RESULTS=@@CHARACTER_SET_RESULTS */;
/*!40101 SET @OLD_COLLATION_CONNECTION=@@COLLATION_CONNECTION */;
/*!40101 SET NAMES utf8mb4 */;

--
-- Database: `entranceManager`
--

-- --------------------------------------------------------

--
-- Table structure for table `attendance`
--

CREATE TABLE `attendance` (
  `id` int NOT NULL,
  `uuid` char(36) NOT NULL,
  `userId` int NOT NULL,
  `state` smallint NOT NULL COMMENT '1=FingerPrint, 4=RFID Card, 25=Palm\r\n15=Face',
  `deviceId` int NOT NULL,
  `companyId` int NOT NULL,
  `locationId` int NOT NULL,
  `deviceTime` datetime NOT NULL,
  `isSync` tinyint(1) NOT NULL DEFAULT '0' COMMENT 'OPS Sync State 0=No, 1=Yes',
  `createdAt` datetime NOT NULL DEFAULT CURRENT_TIMESTAMP,
  `updatedAt` datetime NOT NULL DEFAULT CURRENT_TIMESTAMP
) ENGINE=InnoDB DEFAULT CHARSET=utf8mb4 COLLATE=utf8mb4_0900_ai_ci;

--
-- Dumping data for table `attendance`
--

INSERT INTO `attendance` (`id`, `uuid`, `userId`, `state`, `deviceId`, `companyId`, `locationId`, `deviceTime`, `isSync`, `createdAt`, `updatedAt`) VALUES
(4306, 'e1ee6ab8-cbbf-11ed-adf7-8e60b21ff602', 5, 1, 4, 1, 1, '2023-03-26 00:03:53', 0, '2023-03-26 16:20:50', '2023-03-26 16:20:50'),
(4307, 'e1ee6d60-cbbf-11ed-9a0d-8e60b21ff602', 5, 1, 4, 1, 1, '2023-03-26 04:03:51', 0, '2023-03-26 16:20:50', '2023-03-26 16:20:50'),
(4308, 'e1ee6de2-cbbf-11ed-a4d8-8e60b21ff602', 5, 1, 4, 1, 1, '2023-03-26 04:10:01', 0, '2023-03-26 16:20:50', '2023-03-26 16:20:50'),
(4309, 'e1ee6e46-cbbf-11ed-ac74-8e60b21ff602', 375, 1, 4, 1, 1, '2023-03-26 07:58:05', 0, '2023-03-26 16:20:50', '2023-03-26 16:20:50'),
(4310, 'e1ee6ea0-cbbf-11ed-8e56-8e60b21ff602', 269, 1, 4, 1, 1, '2023-03-26 11:16:17', 0, '2023-03-26 16:20:50', '2023-03-26 16:20:50'),
(4311, 'e1ee6efa-cbbf-11ed-81e9-8e60b21ff602', 5, 1, 4, 1, 1, '2023-03-26 11:43:57', 0, '2023-03-26 16:20:50', '2023-03-26 16:20:50'),
(4312, 'e1ee6f5e-cbbf-11ed-80c0-8e60b21ff602', 21, 15, 4, 1, 1, '2023-03-26 13:09:00', 0, '2023-03-26 16:20:50', '2023-03-26 16:20:50'),
(4313, 'e1ee6fb8-cbbf-11ed-931e-8e60b21ff602', 21, 1, 4, 1, 1, '2023-03-26 13:28:00', 0, '2023-03-26 16:20:50', '2023-03-26 16:20:50'),
(4314, 'e1ee7008-cbbf-11ed-b9ff-8e60b21ff602', 555, 1, 4, 1, 1, '2023-03-26 14:07:21', 0, '2023-03-26 16:20:50', '2023-03-26 16:20:50'),
(4315, 'e1ee7062-cbbf-11ed-882b-8e60b21ff602', 375, 1, 4, 1, 1, '2023-03-26 14:48:32', 0, '2023-03-26 16:20:50', '2023-03-26 16:20:50'),
(4316, 'e1ee70bc-cbbf-11ed-a725-8e60b21ff602', 5, 1, 4, 1, 1, '2023-03-26 15:24:45', 0, '2023-03-26 16:20:50', '2023-03-26 16:20:50'),
(4317, 'e1ee7116-cbbf-11ed-930a-8e60b21ff602', 21, 1, 4, 1, 1, '2023-03-26 15:36:43', 0, '2023-03-26 16:20:50', '2023-03-26 16:20:50'),
(4318, 'e1ee7170-cbbf-11ed-bbf5-8e60b21ff602', 332, 1, 4, 1, 1, '2023-03-26 16:12:49', 0, '2023-03-26 16:20:50', '2023-03-26 16:20:50'),
(4345, 'c734ba0e-cbc1-11ed-9953-8e60b21ff602', 5, 15, 5, 2, 1, '2023-03-26 08:37:32', 0, '2023-03-26 16:34:24', '2023-03-26 16:34:24'),
(4346, 'c734bb12-cbc1-11ed-95ee-8e60b21ff602', 5, 15, 5, 2, 1, '2023-03-26 08:37:33', 0, '2023-03-26 16:34:24', '2023-03-26 16:34:24'),
(4347, 'c734bb80-cbc1-11ed-b589-8e60b21ff602', 5, 15, 5, 2, 1, '2023-03-26 08:44:09', 0, '2023-03-26 16:34:24', '2023-03-26 16:34:24'),
(4348, 'c734bbe4-cbc1-11ed-ac37-8e60b21ff602', 5, 15, 5, 2, 1, '2023-03-26 08:44:10', 0, '2023-03-26 16:34:24', '2023-03-26 16:34:24'),
(4349, 'c734bc48-cbc1-11ed-977b-8e60b21ff602', 5, 15, 5, 2, 1, '2023-03-26 09:02:54', 0, '2023-03-26 16:34:24', '2023-03-26 16:34:24'),
(4350, 'c734bca2-cbc1-11ed-8a2f-8e60b21ff602', 5, 15, 5, 2, 1, '2023-03-26 10:26:17', 0, '2023-03-26 16:34:24', '2023-03-26 16:34:24'),
(4351, 'c734bcfc-cbc1-11ed-9070-8e60b21ff602', 5, 15, 5, 2, 1, '2023-03-26 10:26:19', 0, '2023-03-26 16:34:24', '2023-03-26 16:34:24'),
(4352, 'c734bd56-cbc1-11ed-8e44-8e60b21ff602', 5, 15, 5, 2, 1, '2023-03-26 11:42:22', 0, '2023-03-26 16:34:24', '2023-03-26 16:34:24'),
(4353, 'c734bdb0-cbc1-11ed-9057-8e60b21ff602', 5, 15, 5, 2, 1, '2023-03-26 11:42:23', 0, '2023-03-26 16:34:24', '2023-03-26 16:34:24'),
(4354, 'c734be14-cbc1-11ed-bd8c-8e60b21ff602', 21, 15, 5, 2, 1, '2023-03-26 13:01:12', 0, '2023-03-26 16:34:24', '2023-03-26 16:34:24'),
(4355, 'c734be6e-cbc1-11ed-83b7-8e60b21ff602', 21, 15, 5, 2, 1, '2023-03-26 13:01:13', 0, '2023-03-26 16:34:24', '2023-03-26 16:34:24'),
(4356, 'c734bebe-cbc1-11ed-be32-8e60b21ff602', 21, 15, 5, 2, 1, '2023-03-26 13:01:15', 0, '2023-03-26 16:34:24', '2023-03-26 16:34:24'),
(4357, 'c734bf18-cbc1-11ed-9caf-8e60b21ff602', 21, 15, 5, 2, 1, '2023-03-26 13:01:16', 0, '2023-03-26 16:34:24', '2023-03-26 16:34:24'),
(4358, 'c734bf72-cbc1-11ed-876d-8e60b21ff602', 21, 15, 5, 2, 1, '2023-03-26 13:01:17', 0, '2023-03-26 16:34:24', '2023-03-26 16:34:24'),
(4359, 'c734bfcc-cbc1-11ed-b091-8e60b21ff602', 21, 15, 5, 2, 1, '2023-03-26 13:01:18', 0, '2023-03-26 16:34:24', '2023-03-26 16:34:24'),
(4360, 'c734c030-cbc1-11ed-9007-8e60b21ff602', 21, 15, 5, 2, 1, '2023-03-26 13:01:20', 0, '2023-03-26 16:34:24', '2023-03-26 16:34:24'),
(4361, 'c734c08a-cbc1-11ed-bc87-8e60b21ff602', 21, 15, 5, 2, 1, '2023-03-26 13:01:27', 0, '2023-03-26 16:34:24', '2023-03-26 16:34:24'),
(4362, 'c734c0e4-cbc1-11ed-bc98-8e60b21ff602', 21, 15, 5, 2, 1, '2023-03-26 13:01:28', 0, '2023-03-26 16:34:24', '2023-03-26 16:34:24'),
(4363, 'c734c13e-cbc1-11ed-bfb8-8e60b21ff602', 21, 15, 5, 2, 1, '2023-03-26 13:01:29', 0, '2023-03-26 16:34:24', '2023-03-26 16:34:24'),
(4364, 'c734c18e-cbc1-11ed-a9ff-8e60b21ff602', 21, 15, 5, 2, 1, '2023-03-26 13:03:19', 0, '2023-03-26 16:34:24', '2023-03-26 16:34:24'),
(4365, 'c734c1e8-cbc1-11ed-85a6-8e60b21ff602', 21, 15, 5, 2, 1, '2023-03-26 13:03:20', 0, '2023-03-26 16:34:24', '2023-03-26 16:34:24'),
(4366, 'c734c242-cbc1-11ed-a67b-8e60b21ff602', 21, 15, 5, 2, 1, '2023-03-26 13:03:24', 0, '2023-03-26 16:34:24', '2023-03-26 16:34:24'),
(4367, 'c734c292-cbc1-11ed-af60-8e60b21ff602', 21, 15, 5, 2, 1, '2023-03-26 13:03:25', 0, '2023-03-26 16:34:24', '2023-03-26 16:34:24');

-- --------------------------------------------------------

--
-- Table structure for table `company`
--

CREATE TABLE `company` (
  `id` int NOT NULL,
  `uuid` char(36) NOT NULL,
  `name` varchar(100) NOT NULL,
  `status` tinyint(1) NOT NULL DEFAULT '1' COMMENT '0=Inactive, 1=Active',
  `createdAt` datetime NOT NULL DEFAULT CURRENT_TIMESTAMP,
  `updatedAt` datetime NOT NULL DEFAULT CURRENT_TIMESTAMP
) ENGINE=InnoDB DEFAULT CHARSET=utf8mb4 COLLATE=utf8mb4_0900_ai_ci;

--
-- Dumping data for table `company`
--

INSERT INTO `company` (`id`, `uuid`, `name`, `status`, `createdAt`, `updatedAt`) VALUES
(1, 'a9992b0f-2504-4ada-b7bb-44463171ef7e', 'ShareTrip', 1, '2023-03-23 11:37:27', '2023-03-23 11:37:27'),
(2, '82f0fc41-77f6-44f4-bb35-f0b024e2aebd', 'DeshiPay', 1, '2023-03-23 11:37:27', '2023-03-23 11:37:27');

-- --------------------------------------------------------

--
-- Table structure for table `device`
--

CREATE TABLE `device` (
  `id` int NOT NULL,
  `uuid` char(36) NOT NULL,
  `name` varchar(50) NOT NULL,
  `companyId` int NOT NULL,
  `locationId` int NOT NULL,
  `ip` char(15) NOT NULL,
  `port` int NOT NULL DEFAULT '4370',
  `version` varchar(30) CHARACTER SET utf8mb4 COLLATE utf8mb4_0900_ai_ci NOT NULL,
  `osVersion` varchar(20) NOT NULL,
  `platform` varchar(20) NOT NULL,
  `fmVersion` varchar(20) NOT NULL,
  `serialNumber` varchar(20) NOT NULL,
  `deviceModel` varchar(25) NOT NULL,
  `status` tinyint(1) NOT NULL DEFAULT '0' COMMENT '0=Inactive, 1=Active',
  `deviceStatus` tinyint(1) NOT NULL DEFAULT '0' COMMENT '0=Disconnected, 1=Connected, 2=''Communication Failed'', 3=''Unknown''',
  `isPrimary` tinyint(1) NOT NULL DEFAULT '0' COMMENT '0=No, 1=Yes',
  `lastConnectedAt` datetime NOT NULL DEFAULT CURRENT_TIMESTAMP,
  `createdAt` datetime NOT NULL DEFAULT CURRENT_TIMESTAMP,
  `updatedAt` datetime NOT NULL DEFAULT CURRENT_TIMESTAMP
) ENGINE=InnoDB DEFAULT CHARSET=utf8mb4 COLLATE=utf8mb4_0900_ai_ci;

--
-- Dumping data for table `device`
--

INSERT INTO `device` (`id`, `uuid`, `name`, `companyId`, `locationId`, `ip`, `port`, `version`, `osVersion`, `platform`, `fmVersion`, `serialNumber`, `deviceModel`, `status`, `deviceStatus`, `isPrimary`, `lastConnectedAt`, `createdAt`, `updatedAt`) VALUES
(3, '93d34ca6-579c-4665-a985-37807a3537b2', '3rd Floor', 1, 1, '118.179.202.221', 43707, 'Ver 6.60 Aug 19 2021\0', '1\0', 'ZAM180_TFT\0', 'ZKFPV.10\0', 'CQUG224260104\0', 'SpeedFace-V5L', 1, 1, 0, '2023-03-23 16:14:55', '2023-03-23 11:20:48', '2023-03-23 16:14:55'),
(4, '7d7f25da-eaa4-43a1-b2fc-57ee6489a630', '3rd Floor Old', 1, 1, '118.179.202.220', 43705, 'Ver 6.60 Sep 19 2019\0', '1\0', 'ZMM220_TFT\0', 'ZKFPV.10\0', 'AF4C214960622\0', 'uFace800', 1, 1, 1, '2023-03-23 11:23:26', '2023-03-23 11:23:26', '2023-03-23 11:23:26'),
(5, 'eee4d3c3-aeb4-491c-83aa-96c90fca53d3', '6th Floor', 2, 1, '123.0.20.194', 50501, 'Ver 6.60 Mar 24 2021\0', '1\0', 'ZAM180_TFT\0', 'ZKFPV.10\0', 'CMWB221360134\0', 'SpeedFace-V5L', 0, 1, 0, '2023-03-26 10:45:30', '2023-03-23 11:23:45', '2023-03-26 10:45:30');

-- --------------------------------------------------------

--
-- Table structure for table `employee`
--

CREATE TABLE `employee` (
  `id` int NOT NULL,
  `uuid` char(36) NOT NULL,
  `userId` int NOT NULL,
  `role` smallint NOT NULL COMMENT '0=User, 14=SuperAdmin',
  `name` varchar(50) CHARACTER SET latin1 COLLATE latin1_swedish_ci DEFAULT NULL,
  `password` varchar(50) CHARACTER SET latin1 COLLATE latin1_swedish_ci DEFAULT NULL,
  `cardNo` varchar(20) CHARACTER SET latin1 COLLATE latin1_swedish_ci DEFAULT NULL,
  `finger` varchar(4000) DEFAULT NULL,
  `status` int NOT NULL DEFAULT '1' COMMENT '0=Sync 1=FingerSync 2=Completed',
  `createdAt` datetime NOT NULL DEFAULT CURRENT_TIMESTAMP,
  `updatedAt` datetime NOT NULL DEFAULT CURRENT_TIMESTAMP
) ENGINE=InnoDB DEFAULT CHARSET=latin1;

--
-- Dumping data for table `employee`
--

INSERT INTO `employee` (`id`, `uuid`, `userId`, `role`, `name`, `password`, `cardNo`, `finger`, `status`, `createdAt`, `updatedAt`) VALUES
(1, '844d5110-cbee-11ed-90a2-8e60b21ff602', 1, 0, 'Kashefur Rahman', '', '0000000000 ', NULL, 0, '2023-03-26 21:54:40', '2023-03-26 21:54:40'),
(2, '844d5cb4-cbee-11ed-a6e3-8e60b21ff602', 2, 0, 'Sadia Haque', '', '0000000000 ', NULL, 0, '2023-03-26 21:54:40', '2023-03-26 21:54:40'),
(3, '844d5e4e-cbee-11ed-9d10-8e60b21ff602', 3, 0, 'Md. Shah Jamal', '', '0000000000 ', NULL, 0, '2023-03-26 21:54:40', '2023-03-26 21:54:40'),
(4, '844d5fac-cbee-11ed-b55f-8e60b21ff602', 6, 0, 'Kazi Reazul Haque Apu', '', '0000000000 ', NULL, 0, '2023-03-26 21:54:40', '2023-03-26 21:54:40'),
(5, '844d6100-cbee-11ed-883e-8e60b21ff602', 7, 0, 'Md. Emam Hossain Rabby', '', '0000000000 ', NULL, 0, '2023-03-26 21:54:40', '2023-03-26 21:54:40'),
(6, '844d6254-cbee-11ed-a695-8e60b21ff602', 8, 0, 'Md Hasanur Rahman Jibon', '', '0000000000 ', NULL, 0, '2023-03-26 21:54:40', '2023-03-26 21:54:40'),
(7, '844d63a8-cbee-11ed-bde8-8e60b21ff602', 190, 0, 'Sohail Majid', '', '0000000000 ', NULL, 0, '2023-03-26 21:54:40', '2023-03-26 21:54:40'),
(8, '844d6506-cbee-11ed-bfd4-8e60b21ff602', 9, 0, '9', '', '0000000000 ', NULL, 0, '2023-03-26 21:54:40', '2023-03-26 21:54:40'),
(9, '844d665a-cbee-11ed-8e71-8e60b21ff602', 11, 0, 'Md Taraq Anam', '', '0000000000 ', NULL, 0, '2023-03-26 21:54:40', '2023-03-26 21:54:40'),
(10, '844d67ae-cbee-11ed-b0fa-8e60b21ff602', 13, 0, 'Ahmed Abdullah Al Momin', '', '0000000000 ', NULL, 0, '2023-03-26 21:54:40', '2023-03-26 21:54:40'),
(11, '844d690c-cbee-11ed-a44e-8e60b21ff602', 14, 0, 'Rezwana Rahman', '', '0000000000 ', NULL, 0, '2023-03-26 21:54:40', '2023-03-26 21:54:40'),
(12, '844d6a56-cbee-11ed-8687-8e60b21ff602', 302, 0, 'Bappi', '', '0000000000 ', NULL, 0, '2023-03-26 21:54:40', '2023-03-26 21:54:40'),
(13, '844d6bb4-cbee-11ed-9dbe-8e60b21ff602', 16, 0, 'Md. Fazle Elahi Rahat', '', '0000000000 ', NULL, 0, '2023-03-26 21:54:40', '2023-03-26 21:54:40'),
(14, '844d6cfe-cbee-11ed-a909-8e60b21ff602', 17, 0, 'Nafiz', '', '0000000000 ', NULL, 0, '2023-03-26 21:54:40', '2023-03-26 21:54:40'),
(15, '844d6e98-cbee-11ed-b244-8e60b21ff602', 12, 0, 'Md. Sazzad Hossen', '', '0000000000 ', NULL, 0, '2023-03-26 21:54:40', '2023-03-26 21:54:40'),
(16, '844d6fba-cbee-11ed-9230-8e60b21ff602', 19, 0, 'Md. Saiful Islam Sajib', '', '0000000000 ', NULL, 0, '2023-03-26 21:54:40', '2023-03-26 21:54:40'),
(17, '844d70fa-cbee-11ed-8cb7-8e60b21ff602', 27, 0, 'Anamoul Rouf', '', '0000000000 ', NULL, 0, '2023-03-26 21:54:40', '2023-03-26 21:54:40'),
(18, '844d71f4-cbee-11ed-9f42-8e60b21ff602', 21, 0, 'Md. Iqbal', '', '0000000000 ', NULL, 0, '2023-03-26 21:54:40', '2023-03-26 21:54:40'),
(19, '844d72bc-cbee-11ed-8737-8e60b21ff602', 22, 0, 'Naurin Ahmed', '', '0000000000 ', NULL, 0, '2023-03-26 21:54:40', '2023-03-26 21:54:40'),
(20, '844d738e-cbee-11ed-8b82-8e60b21ff602', 555, 0, 'Mahmud Sizan', '', '0000000000 ', NULL, 0, '2023-03-26 21:54:40', '2023-03-26 21:54:40'),
(21, '844d7460-cbee-11ed-9f38-8e60b21ff602', 24, 0, 'Rashaya Yesmin', '', '0000000000 ', NULL, 0, '2023-03-26 21:54:40', '2023-03-26 21:54:40'),
(22, '844d7528-cbee-11ed-bbc0-8e60b21ff602', 25, 0, 'Navid Hasan', '', '0000000000 ', NULL, 0, '2023-03-26 21:54:40', '2023-03-26 21:54:40'),
(23, '844d75f0-cbee-11ed-9136-8e60b21ff602', 70, 0, 'Md. Mainuddin Mia', '', '0000000000 ', NULL, 0, '2023-03-26 21:54:40', '2023-03-26 21:54:40'),
(24, '844d76b8-cbee-11ed-900c-8e60b21ff602', 219, 0, 'Iftieaq Murshed', '', '0000000000 ', NULL, 0, '2023-03-26 21:54:40', '2023-03-26 21:54:40'),
(25, '844d778a-cbee-11ed-aadf-8e60b21ff602', 28, 0, 'Aman Ullah', '', '0000000000 ', NULL, 0, '2023-03-26 21:54:40', '2023-03-26 21:54:40'),
(26, '844d7848-cbee-11ed-bf48-8e60b21ff602', 29, 0, 'A.S.M Mobarak Hossain', '', '0000000000 ', NULL, 0, '2023-03-26 21:54:40', '2023-03-26 21:54:40'),
(27, '844d7910-cbee-11ed-95b0-8e60b21ff602', 5006, 0, 'Habibur Rahman', '', '0000000000 ', NULL, 0, '2023-03-26 21:54:40', '2023-03-26 21:54:40'),
(28, '844d79d8-cbee-11ed-9b28-8e60b21ff602', 31, 0, 'Zahangir Ahammad Bhuiyan', '', '0000000000 ', NULL, 0, '2023-03-26 21:54:40', '2023-03-26 21:54:40'),
(29, '844d7aa0-cbee-11ed-8e9c-8e60b21ff602', 32, 0, 'Mostofa Hossain', '', '0000000000 ', NULL, 0, '2023-03-26 21:54:40', '2023-03-26 21:54:40'),
(30, '844d7b5e-cbee-11ed-bfaa-8e60b21ff602', 5007, 0, 'T.H.M Saquib Reza', '', '0000000000 ', NULL, 0, '2023-03-26 21:54:40', '2023-03-26 21:54:40'),
(31, '844d7c26-cbee-11ed-91a4-8e60b21ff602', 202, 0, 'Nowrin Jahan Tithly', '', '0000000000 ', NULL, 0, '2023-03-26 21:54:40', '2023-03-26 21:54:40'),
(32, '844d7ce4-cbee-11ed-aa91-8e60b21ff602', 5008, 0, 'Md Mehedee Hasan', '', '0000000000 ', NULL, 0, '2023-03-26 21:54:40', '2023-03-26 21:54:40'),
(33, '844d7dac-cbee-11ed-a2d9-8e60b21ff602', 220, 0, 'Nasrin Alam', '', '0000000000 ', NULL, 0, '2023-03-26 21:54:40', '2023-03-26 21:54:40'),
(34, '844d7e74-cbee-11ed-ab04-8e60b21ff602', 226, 0, 'Fahad Arafin', '', '0000000000 ', NULL, 0, '2023-03-26 21:54:40', '2023-03-26 21:54:40'),
(35, '844d7f3c-cbee-11ed-b3c3-8e60b21ff602', 43, 0, 'Shabbir Shamshad', '', '0000000000 ', NULL, 0, '2023-03-26 21:54:40', '2023-03-26 21:54:40'),
(36, '844d8004-cbee-11ed-a781-8e60b21ff602', 36, 14, 'Lathiful Azam Badhon', '', '0000000000 ', NULL, 0, '2023-03-26 21:54:40', '2023-03-26 21:54:40'),
(37, '844d80cc-cbee-11ed-ba5e-8e60b21ff602', 227, 0, 'Shafayat Khan', '', '0000000000 ', NULL, 0, '2023-03-26 21:54:40', '2023-03-26 21:54:40'),
(38, '844d8194-cbee-11ed-bada-8e60b21ff602', 211, 14, 'Sayfuzzaman', '', '0000000000 ', NULL, 0, '2023-03-26 21:54:40', '2023-03-26 21:54:40'),
(39, '844d825c-cbee-11ed-b0d7-8e60b21ff602', 166, 0, 'Rakibul Islam', '', '0000000000 ', NULL, 0, '2023-03-26 21:54:40', '2023-03-26 21:54:40'),
(40, '844d8324-cbee-11ed-a8dd-8e60b21ff602', 50, 0, 'Md. Jubayar Hosan', '', '0000000000 ', NULL, 0, '2023-03-26 21:54:40', '2023-03-26 21:54:40'),
(41, '844d83e2-cbee-11ed-a33b-8e60b21ff602', 222, 0, 'Shohel Khan', '', '0000000000 ', NULL, 0, '2023-03-26 21:54:40', '2023-03-26 21:54:40'),
(42, '844d84aa-cbee-11ed-bfd8-8e60b21ff602', 38, 0, '38', '', '0000000000 ', NULL, 0, '2023-03-26 21:54:40', '2023-03-26 21:54:40'),
(43, '844d8572-cbee-11ed-91b2-8e60b21ff602', 42, 0, 'Mofassal Aziz', '', '0000000000 ', NULL, 0, '2023-03-26 21:54:40', '2023-03-26 21:54:40'),
(44, '844d863a-cbee-11ed-8da8-8e60b21ff602', 224, 0, 'Fatema Akter Chaity', '', '0000000000 ', NULL, 0, '2023-03-26 21:54:40', '2023-03-26 21:54:40'),
(45, '844d8702-cbee-11ed-9c78-8e60b21ff602', 55, 0, 'Zubair Ibne Shams', '', '0000000000 ', NULL, 0, '2023-03-26 21:54:40', '2023-03-26 21:54:40'),
(46, '844d87ca-cbee-11ed-b09f-8e60b21ff602', 56, 0, 'SK. Arifuzzaman', '', '0000000000 ', NULL, 0, '2023-03-26 21:54:40', '2023-03-26 21:54:40'),
(47, '844d8892-cbee-11ed-a38b-8e60b21ff602', 57, 0, 'Shamiur Rahman', '', '0000000000 ', NULL, 0, '2023-03-26 21:54:40', '2023-03-26 21:54:40'),
(48, '844d895a-cbee-11ed-b9a0-8e60b21ff602', 58, 0, 'Ahmed Taohid Rafi', '', '0000000000 ', NULL, 0, '2023-03-26 21:54:40', '2023-03-26 21:54:40'),
(49, '844d8a22-cbee-11ed-b67c-8e60b21ff602', 44, 0, 'Sherin Akhter', '', '0000000000 ', NULL, 0, '2023-03-26 21:54:40', '2023-03-26 21:54:40'),
(50, '844d8aea-cbee-11ed-bc47-8e60b21ff602', 60, 0, 'Shambhunath Biswas', '', '0000000000 ', NULL, 0, '2023-03-26 21:54:40', '2023-03-26 21:54:40'),
(51, '844d8bb2-cbee-11ed-9da9-8e60b21ff602', 217, 0, 'Abdullah al Masud', '', '0000000000 ', NULL, 0, '2023-03-26 21:54:40', '2023-03-26 21:54:40'),
(52, '844d8c70-cbee-11ed-a2a0-8e60b21ff602', 53, 0, '53', '', '0000000000 ', NULL, 0, '2023-03-26 21:54:40', '2023-03-26 21:54:40'),
(53, '844d8d38-cbee-11ed-bef8-8e60b21ff602', 218, 0, 'Mustakim', '', '0000000000 ', NULL, 0, '2023-03-26 21:54:40', '2023-03-26 21:54:40'),
(54, '844d8e00-cbee-11ed-88be-8e60b21ff602', 59, 0, 'Sayed Eaminul Islam', '', '0000000000 ', NULL, 0, '2023-03-26 21:54:40', '2023-03-26 21:54:40'),
(55, '844d8ec8-cbee-11ed-849a-8e60b21ff602', 62, 0, 'Rayhana Sharmin', '', '0000000000 ', NULL, 0, '2023-03-26 21:54:40', '2023-03-26 21:54:40'),
(56, '844d8f86-cbee-11ed-94c8-8e60b21ff602', 66, 0, 'Nazmuzzaman', '', '0000000000 ', NULL, 0, '2023-03-26 21:54:40', '2023-03-26 21:54:40'),
(57, '844d904e-cbee-11ed-aa27-8e60b21ff602', 367, 0, 'Rafisa Anjuman Priya', '', '0000000000 ', NULL, 0, '2023-03-26 21:54:40', '2023-03-26 21:54:40'),
(58, '844d9116-cbee-11ed-b8f7-8e60b21ff602', 69, 0, 'Izaz Mahmud', '', '0000000000 ', NULL, 0, '2023-03-26 21:54:40', '2023-03-26 21:54:40'),
(59, '844d91de-cbee-11ed-b1a9-8e60b21ff602', 500, 0, 'Monjurul Hoque', '', '0000000000 ', NULL, 0, '2023-03-26 21:54:40', '2023-03-26 21:54:40'),
(60, '844d92a6-cbee-11ed-bf58-8e60b21ff602', 74, 0, 'Imran Mahmud Sadman', '', '0000000000 ', NULL, 0, '2023-03-26 21:54:40', '2023-03-26 21:54:40'),
(61, '844d936e-cbee-11ed-a58a-8e60b21ff602', 72, 0, 'Sohel Rana', '', '0000000000 ', NULL, 0, '2023-03-26 21:54:40', '2023-03-26 21:54:40'),
(62, '844d9436-cbee-11ed-9044-8e60b21ff602', 73, 0, 'Md. Rafiul Abed', '', '0000000000 ', NULL, 0, '2023-03-26 21:54:40', '2023-03-26 21:54:40'),
(63, '844d94fe-cbee-11ed-89ae-8e60b21ff602', 71, 0, 'Md Mahafuj Khan Akash', '', '0000000000 ', NULL, 0, '2023-03-26 21:54:40', '2023-03-26 21:54:40'),
(64, '844d95bc-cbee-11ed-8d69-8e60b21ff602', 75, 0, '75', '', '0000000000 ', NULL, 0, '2023-03-26 21:54:40', '2023-03-26 21:54:40'),
(65, '844d9684-cbee-11ed-a86c-8e60b21ff602', 76, 0, 'Abu Bakkar Siddique', '', '0000000000 ', NULL, 0, '2023-03-26 21:54:40', '2023-03-26 21:54:40'),
(66, '844d9756-cbee-11ed-abdd-8e60b21ff602', 77, 0, 'Shahzada', '', '0000000000 ', NULL, 0, '2023-03-26 21:54:40', '2023-03-26 21:54:40'),
(67, '844d981e-cbee-11ed-b3de-8e60b21ff602', 207, 0, 'Asaduzzaman Rana', '', '0000000000 ', NULL, 0, '2023-03-26 21:54:40', '2023-03-26 21:54:40'),
(68, '844d98e6-cbee-11ed-b40f-8e60b21ff602', 91, 0, 'Shibly Sadik', '', '0000000000 ', NULL, 0, '2023-03-26 21:54:40', '2023-03-26 21:54:40'),
(69, '844d99a4-cbee-11ed-8d88-8e60b21ff602', 209, 0, 'Fouzia Marzan', '', '0000000000 ', NULL, 0, '2023-03-26 21:54:40', '2023-03-26 21:54:40'),
(70, '844d9a76-cbee-11ed-a3a7-8e60b21ff602', 106, 0, '106', '', '0000000000 ', NULL, 0, '2023-03-26 21:54:40', '2023-03-26 21:54:40'),
(71, '844d9b34-cbee-11ed-ad96-8e60b21ff602', 212, 0, 'Mohammed Asheql Islam', '', '0000000000 ', NULL, 0, '2023-03-26 21:54:40', '2023-03-26 21:54:40'),
(72, '844d9bfc-cbee-11ed-992f-8e60b21ff602', 213, 0, 'Rasal Ahmmed', '', '0000000000 ', NULL, 0, '2023-03-26 21:54:40', '2023-03-26 21:54:40'),
(73, '844d9cc4-cbee-11ed-8af1-8e60b21ff602', 84, 0, 'Aparna', '', '0000000000 ', NULL, 0, '2023-03-26 21:54:40', '2023-03-26 21:54:40'),
(74, '844d9d82-cbee-11ed-bfcf-8e60b21ff602', 229, 0, 'Pawa Alam Chowra', '', '0000000000 ', NULL, 0, '2023-03-26 21:54:40', '2023-03-26 21:54:40'),
(75, '844d9fa8-cbee-11ed-b431-8e60b21ff602', 233, 0, 'Md Jahid Hossain', '', '0000000000 ', NULL, 0, '2023-03-26 21:54:40', '2023-03-26 21:54:40'),
(76, '844da07a-cbee-11ed-a517-8e60b21ff602', 87, 0, 'Mehedi Hasan', '', '0000000000 ', NULL, 0, '2023-03-26 21:54:40', '2023-03-26 21:54:40'),
(77, '844da142-cbee-11ed-9fac-8e60b21ff602', 107, 0, 'Akib', '', '0000000000 ', NULL, 0, '2023-03-26 21:54:40', '2023-03-26 21:54:40'),
(78, '844da20a-cbee-11ed-9c88-8e60b21ff602', 111, 0, '111', '', '0000000000 ', NULL, 0, '2023-03-26 21:54:40', '2023-03-26 21:54:40'),
(79, '844da2d2-cbee-11ed-9cd0-8e60b21ff602', 124, 0, '124', '', '0000000000 ', NULL, 0, '2023-03-26 21:54:40', '2023-03-26 21:54:40'),
(80, '844da39a-cbee-11ed-ba8b-8e60b21ff602', 130, 0, 'Rumana Siddik', '', '0000000000 ', NULL, 0, '2023-03-26 21:54:40', '2023-03-26 21:54:40'),
(81, '844da46c-cbee-11ed-8d49-8e60b21ff602', 92, 0, 'Ishti Ahmed', '', '0000000000 ', NULL, 0, '2023-03-26 21:54:40', '2023-03-26 21:54:40'),
(82, '844da52a-cbee-11ed-a099-8e60b21ff602', 137, 0, 'Abir bin Ayub', '', '0000000000 ', NULL, 0, '2023-03-26 21:54:40', '2023-03-26 21:54:40'),
(83, '844da5f2-cbee-11ed-b5f1-8e60b21ff602', 94, 0, 'Nayeem', '', '0000000000 ', NULL, 0, '2023-03-26 21:54:40', '2023-03-26 21:54:40'),
(84, '844da6c4-cbee-11ed-8b12-8e60b21ff602', 152, 0, 'Marzia Sultana', '', '0000000000 ', NULL, 0, '2023-03-26 21:54:40', '2023-03-26 21:54:40'),
(85, '844da782-cbee-11ed-aa8d-8e60b21ff602', 215, 0, 'ishrak uddin', '', '0000000000 ', NULL, 0, '2023-03-26 21:54:40', '2023-03-26 21:54:40'),
(86, '844da854-cbee-11ed-98d6-8e60b21ff602', 2000, 14, 'Zaman Aamra', '', '0000000000 ', NULL, 0, '2023-03-26 21:54:40', '2023-03-26 21:54:40'),
(87, '844da91c-cbee-11ed-aa46-8e60b21ff602', 172, 0, 'Oneak', '', '0000000000 ', NULL, 0, '2023-03-26 21:54:40', '2023-03-26 21:54:40'),
(88, '844da9da-cbee-11ed-8c91-8e60b21ff602', 5001, 0, '5001', '', '0000000000 ', NULL, 0, '2023-03-26 21:54:40', '2023-03-26 21:54:40'),
(89, '844daaa2-cbee-11ed-bb24-8e60b21ff602', 156, 0, 'Maruf Hossain', '', '0000000000 ', NULL, 0, '2023-03-26 21:54:40', '2023-03-26 21:54:40'),
(90, '844dab6a-cbee-11ed-9370-8e60b21ff602', 237, 0, 'Akib Shikder Neloy', '', '0000000000 ', NULL, 0, '2023-03-26 21:54:40', '2023-03-26 21:54:40'),
(91, '844dac28-cbee-11ed-8839-8e60b21ff602', 102, 0, 'Golam Rabbane', '', '0000000000 ', NULL, 0, '2023-03-26 21:54:40', '2023-03-26 21:54:40'),
(92, '844dacf0-cbee-11ed-ad4f-8e60b21ff602', 157, 0, 'Arif Mahmud Rana', '', '0000000000 ', NULL, 0, '2023-03-26 21:54:40', '2023-03-26 21:54:40'),
(93, '844dadb8-cbee-11ed-a587-8e60b21ff602', 104, 0, 'Shohag Mia', '', '0000000000 ', NULL, 0, '2023-03-26 21:54:40', '2023-03-26 21:54:40'),
(94, '844dae80-cbee-11ed-b868-8e60b21ff602', 239, 0, 'Jarin Tasnim', '', '0000000000 ', NULL, 0, '2023-03-26 21:54:40', '2023-03-26 21:54:40'),
(95, '844daf3e-cbee-11ed-9221-8e60b21ff602', 1000, 0, 'Liton Ahmed', '', '0000000000 ', NULL, 0, '2023-03-26 21:54:40', '2023-03-26 21:54:40'),
(96, '844db006-cbee-11ed-92b2-8e60b21ff602', 240, 0, 'Saiful Islam', '', '0000000000 ', NULL, 0, '2023-03-26 21:54:40', '2023-03-26 21:54:40'),
(97, '844db0ce-cbee-11ed-8e2f-8e60b21ff602', 5000, 0, 'Amaya', '', '0000000000 ', NULL, 0, '2023-03-26 21:54:40', '2023-03-26 21:54:40'),
(98, '844db196-cbee-11ed-a926-8e60b21ff602', 5, 0, ' Ali Hossain', '', '0000000000 ', NULL, 0, '2023-03-26 21:54:40', '2023-03-26 21:54:40'),
(99, '844db25e-cbee-11ed-887a-8e60b21ff602', 161, 0, 'Shihab Uddin', '', '0000000000 ', NULL, 0, '2023-03-26 21:54:40', '2023-03-26 21:54:40'),
(100, '844db326-cbee-11ed-9426-8e60b21ff602', 105, 0, 'Sabbir Ahamed', '', '0000000000 ', NULL, 0, '2023-03-26 21:54:40', '2023-03-26 21:54:40'),
(101, '844db3ee-cbee-11ed-8ceb-8e60b21ff602', 168, 0, 'Saiful Azam Tanvir', '', '0000000000 ', NULL, 0, '2023-03-26 21:54:40', '2023-03-26 21:54:40'),
(102, '844db4b6-cbee-11ed-9dbd-8e60b21ff602', 241, 0, 'Razib Parvej', '', '0000000000 ', NULL, 0, '2023-03-26 21:54:40', '2023-03-26 21:54:40'),
(103, '844db57e-cbee-11ed-87a2-8e60b21ff602', 108, 0, 'Hasan Sikder', '', '0000000000 ', NULL, 0, '2023-03-26 21:54:40', '2023-03-26 21:54:40'),
(104, '844db646-cbee-11ed-8fbc-8e60b21ff602', 169, 0, 'Fida Kamal', '', '0000000000 ', NULL, 0, '2023-03-26 21:54:40', '2023-03-26 21:54:40'),
(105, '844db704-cbee-11ed-9047-8e60b21ff602', 243, 0, 'Sumana Mojumder', '', '0000000000 ', NULL, 0, '2023-03-26 21:54:40', '2023-03-26 21:54:40'),
(106, '844db7cc-cbee-11ed-ac01-8e60b21ff602', 180, 0, 'Biplob Chandro Roy', '', '0000000000 ', NULL, 0, '2023-03-26 21:54:40', '2023-03-26 21:54:40'),
(107, '844db88a-cbee-11ed-a051-8e60b21ff602', 143, 0, 'Noushin Jahan', '', '0000000000 ', NULL, 0, '2023-03-26 21:54:40', '2023-03-26 21:54:40'),
(108, '844db952-cbee-11ed-b5b5-8e60b21ff602', 176, 0, 'Muhammad Hussain', '', '0000000000 ', NULL, 0, '2023-03-26 21:54:40', '2023-03-26 21:54:40'),
(109, '844dba10-cbee-11ed-a819-8e60b21ff602', 113, 0, 'Shahabuddin Ahmed', '', '0000000000 ', NULL, 0, '2023-03-26 21:54:40', '2023-03-26 21:54:40'),
(110, '844dbad8-cbee-11ed-a038-8e60b21ff602', 114, 0, 'Saiful Azam', '', '0000000000 ', NULL, 0, '2023-03-26 21:54:40', '2023-03-26 21:54:40'),
(111, '844dbba0-cbee-11ed-a398-8e60b21ff602', 115, 0, 'Musfekur Rahman', '', '0000000000 ', NULL, 0, '2023-03-26 21:54:40', '2023-03-26 21:54:40'),
(112, '844dbc5e-cbee-11ed-b5e0-8e60b21ff602', 185, 0, 'Liton Kumar Shil', '', '0000000000 ', NULL, 0, '2023-03-26 21:54:40', '2023-03-26 21:54:40'),
(113, '844dbd26-cbee-11ed-847e-8e60b21ff602', 244, 0, 'Samiur Rahman Khan', '', '0000000000 ', NULL, 0, '2023-03-26 21:54:40', '2023-03-26 21:54:40'),
(114, '844dbdee-cbee-11ed-ad99-8e60b21ff602', 118, 0, 'Samir Barua', '', '0000000000 ', NULL, 0, '2023-03-26 21:54:40', '2023-03-26 21:54:40'),
(115, '844dbeac-cbee-11ed-a427-8e60b21ff602', 119, 0, 'Kicher Hamid', '', '0000000000 ', NULL, 0, '2023-03-26 21:54:40', '2023-03-26 21:54:40'),
(116, '844dbf7e-cbee-11ed-90f7-8e60b21ff602', 246, 0, 'Rahul', '', '0000000000 ', NULL, 0, '2023-03-26 21:54:40', '2023-03-26 21:54:40'),
(117, '844dc03c-cbee-11ed-ba3c-8e60b21ff602', 121, 0, 'Esmotara Yesmin', '', '0000000000 ', NULL, 0, '2023-03-26 21:54:40', '2023-03-26 21:54:40'),
(118, '844dc104-cbee-11ed-a1c6-8e60b21ff602', 122, 0, 'Afzal Hussain', '', '0000000000 ', NULL, 0, '2023-03-26 21:54:40', '2023-03-26 21:54:40'),
(119, '844dc1cc-cbee-11ed-bdc3-8e60b21ff602', 5010, 0, 'Leton Miah', '', '0000000000 ', NULL, 0, '2023-03-26 21:54:40', '2023-03-26 21:54:40'),
(120, '844dc2a8-cbee-11ed-a683-8e60b21ff602', 5011, 0, 'Redwan', '', '0000000000 ', NULL, 0, '2023-03-26 21:54:40', '2023-03-26 21:54:40'),
(121, '844dc370-cbee-11ed-8004-8e60b21ff602', 125, 0, 'Pollobi Afrin', '', '0000000000 ', NULL, 0, '2023-03-26 21:54:40', '2023-03-26 21:54:40'),
(122, '844dc42e-cbee-11ed-b5e5-8e60b21ff602', 179, 0, 'Asif Sabir Shuvo', '', '0000000000 ', NULL, 0, '2023-03-26 21:54:40', '2023-03-26 21:54:40'),
(123, '844dc500-cbee-11ed-94d9-8e60b21ff602', 127, 0, 'Asaduzzaman Polash', '', '0000000000 ', NULL, 0, '2023-03-26 21:54:40', '2023-03-26 21:54:40'),
(124, '844dc5c8-cbee-11ed-b0cc-8e60b21ff602', 129, 0, 'Pavel', '', '0000000000 ', NULL, 0, '2023-03-26 21:54:40', '2023-03-26 21:54:40'),
(125, '844dc69a-cbee-11ed-9735-8e60b21ff602', 181, 0, 'Muhammad Ariful Islam', '', '0000000000 ', NULL, 0, '2023-03-26 21:54:40', '2023-03-26 21:54:40'),
(126, '844dc758-cbee-11ed-831b-8e60b21ff602', 5012, 0, 'Asif Newaz', '', '0000000000 ', NULL, 0, '2023-03-26 21:54:40', '2023-03-26 21:54:40'),
(127, '844dc820-cbee-11ed-9dd5-8e60b21ff602', 131, 0, 'Fahim Ahmmed', '', '0000000000 ', NULL, 0, '2023-03-26 21:54:40', '2023-03-26 21:54:40'),
(128, '844dc8e8-cbee-11ed-ac34-8e60b21ff602', 248, 0, 'Khaled Hasan Manna', '', '0000000000 ', NULL, 0, '2023-03-26 21:54:40', '2023-03-26 21:54:40'),
(129, '844dc9b0-cbee-11ed-bc07-8e60b21ff602', 133, 0, 'Rifat Alam', '', '0010747973 ', NULL, 0, '2023-03-26 21:54:40', '2023-03-26 21:54:40'),
(130, '844dca8c-cbee-11ed-86cf-8e60b21ff602', 249, 0, 'Rakibul Hasan', '', '0000000000 ', NULL, 0, '2023-03-26 21:54:40', '2023-03-26 21:54:40'),
(131, '844dcb54-cbee-11ed-ae57-8e60b21ff602', 142, 0, 'prince Das', '', '0000000000 ', NULL, 0, '2023-03-26 21:54:40', '2023-03-26 21:54:40'),
(132, '844dcc1c-cbee-11ed-ba0c-8e60b21ff602', 136, 0, 'Lubaba Mannan', '', '0000000000 ', NULL, 0, '2023-03-26 21:54:40', '2023-03-26 21:54:40'),
(133, '844dcce4-cbee-11ed-8e41-8e60b21ff602', 182, 0, 'Md Salahuddin', '', '0000000000 ', NULL, 0, '2023-03-26 21:54:40', '2023-03-26 21:54:40'),
(134, '844dcdc0-cbee-11ed-baba-8e60b21ff602', 138, 0, 'Babul Ahmed', '', '0000000000 ', NULL, 0, '2023-03-26 21:54:40', '2023-03-26 21:54:40'),
(135, '844dce88-cbee-11ed-8ead-8e60b21ff602', 139, 0, 'Ferdousi yasmin', '', '0000000000 ', NULL, 0, '2023-03-26 21:54:40', '2023-03-26 21:54:40'),
(136, '844dcf50-cbee-11ed-8576-8e60b21ff602', 247, 0, 'Fahim Shahriar', '', '0000000000 ', NULL, 0, '2023-03-26 21:54:40', '2023-03-26 21:54:40'),
(137, '844dd018-cbee-11ed-b4f9-8e60b21ff602', 175, 0, 'Ashiqur Rahman Rajon', '', '0000000000 ', NULL, 0, '2023-03-26 21:54:40', '2023-03-26 21:54:40'),
(138, '844dd0e0-cbee-11ed-a26e-8e60b21ff602', 183, 0, 'Abdullah al Mamun', '', '0000000000 ', NULL, 0, '2023-03-26 21:54:40', '2023-03-26 21:54:40'),
(139, '844dd1a8-cbee-11ed-8d51-8e60b21ff602', 250, 0, 'Mahfuzul Alam', '', '0000000000 ', NULL, 0, '2023-03-26 21:54:40', '2023-03-26 21:54:40'),
(140, '844dd270-cbee-11ed-ad72-8e60b21ff602', 251, 0, 'tuli Bhowmik', '', '0000000000 ', NULL, 0, '2023-03-26 21:54:40', '2023-03-26 21:54:40'),
(141, '844dd338-cbee-11ed-abb6-8e60b21ff602', 184, 0, 'Jahangir Alam Nayeem', '', '0000000000 ', NULL, 0, '2023-03-26 21:54:40', '2023-03-26 21:54:40'),
(142, '844dd400-cbee-11ed-9871-8e60b21ff602', 146, 0, 'Rakibul Islam', '', '0000000000 ', NULL, 0, '2023-03-26 21:54:40', '2023-03-26 21:54:40'),
(143, '844dd4c8-cbee-11ed-b77f-8e60b21ff602', 147, 0, 'Hasan al Mamun', '', '0000000000 ', NULL, 0, '2023-03-26 21:54:40', '2023-03-26 21:54:40'),
(144, '844dd590-cbee-11ed-9b9e-8e60b21ff602', 5013, 0, 'Tanvirul al Azad', '', '0000000000 ', NULL, 0, '2023-03-26 21:54:40', '2023-03-26 21:54:40'),
(145, '844dd662-cbee-11ed-b8ef-8e60b21ff602', 5014, 0, 'Fahima Ahmed Toma', '', '0000000000 ', NULL, 0, '2023-03-26 21:54:40', '2023-03-26 21:54:40'),
(146, '844dd766-cbee-11ed-9f7f-8e60b21ff602', 162, 0, 'Arka Barua', '', '0000000000 ', NULL, 0, '2023-03-26 21:54:40', '2023-03-26 21:54:40'),
(147, '844dd82e-cbee-11ed-864e-8e60b21ff602', 5015, 0, 'Mizanur Rahman', '', '0000000000 ', NULL, 0, '2023-03-26 21:54:40', '2023-03-26 21:54:40'),
(148, '844dd900-cbee-11ed-a7c2-8e60b21ff602', 186, 0, 'Subra joy Barua', '', '0000000000 ', NULL, 0, '2023-03-26 21:54:40', '2023-03-26 21:54:40'),
(149, '844dd9dc-cbee-11ed-93a4-8e60b21ff602', 163, 0, 'Bushra Sabah', '', '0000000000 ', NULL, 0, '2023-03-26 21:54:40', '2023-03-26 21:54:40'),
(150, '844ddb08-cbee-11ed-8e50-8e60b21ff602', 154, 0, 'Mohammad Sujon Mia', '', '0000000000 ', NULL, 0, '2023-03-26 21:54:40', '2023-03-26 21:54:40'),
(151, '844ddc48-cbee-11ed-8e6e-8e60b21ff602', 155, 0, 'Shahid Miah', '', '0000000000 ', NULL, 0, '2023-03-26 21:54:40', '2023-03-26 21:54:40'),
(152, '844ddd74-cbee-11ed-b751-8e60b21ff602', 187, 0, 'Shamir Imtiaz', '', '0000000000 ', NULL, 0, '2023-03-26 21:54:40', '2023-03-26 21:54:40'),
(153, '844dde82-cbee-11ed-83da-8e60b21ff602', 199, 0, 'Sauviq Sarker', '', '0000000000 ', NULL, 0, '2023-03-26 21:54:40', '2023-03-26 21:54:40'),
(154, '844ddfc2-cbee-11ed-b593-8e60b21ff602', 200, 0, 'Fahad bin Yousuf', '', '0000000000 ', NULL, 0, '2023-03-26 21:54:40', '2023-03-26 21:54:40'),
(155, '844de080-cbee-11ed-a321-8e60b21ff602', 159, 0, 'Apurba Ritchil', '', '0000000000 ', NULL, 0, '2023-03-26 21:54:40', '2023-03-26 21:54:40'),
(156, '844de152-cbee-11ed-94d0-8e60b21ff602', 205, 0, 'Mohammad Saifullah', '', '0000000000 ', NULL, 0, '2023-03-26 21:54:40', '2023-03-26 21:54:40'),
(157, '844de21a-cbee-11ed-a18d-8e60b21ff602', 208, 0, 'Saiyara Nawar Ahmed', '', '0000000000 ', NULL, 0, '2023-03-26 21:54:40', '2023-03-26 21:54:40'),
(158, '844de2ec-cbee-11ed-8128-8e60b21ff602', 210, 0, 'Fatema Akter', '', '0000000000 ', NULL, 0, '2023-03-26 21:54:40', '2023-03-26 21:54:40'),
(159, '844de3aa-cbee-11ed-ab16-8e60b21ff602', 214, 0, 'Rubel Barua', '', '0000000000 ', NULL, 0, '2023-03-26 21:54:40', '2023-03-26 21:54:40'),
(160, '844de472-cbee-11ed-8d03-8e60b21ff602', 221, 0, 'Golam Mohosin', '', '0000000000 ', NULL, 0, '2023-03-26 21:54:40', '2023-03-26 21:54:40'),
(161, '844de558-cbee-11ed-924a-8e60b21ff602', 3000, 0, 'Tanveer Ali', '', '0000000000 ', NULL, 0, '2023-03-26 21:54:40', '2023-03-26 21:54:40'),
(162, '844de62a-cbee-11ed-b4c9-8e60b21ff602', 292, 0, 'Hoshna Akter', '', '0000000000 ', NULL, 0, '2023-03-26 21:54:40', '2023-03-26 21:54:40'),
(163, '844de6f2-cbee-11ed-a276-8e60b21ff602', 228, 0, 'Shamsuddin Sohag', '', '0000000000 ', NULL, 0, '2023-03-26 21:54:40', '2023-03-26 21:54:40'),
(164, '844de7ba-cbee-11ed-8d78-8e60b21ff602', 230, 0, 'Sazid Hossain', '', '0000000000 ', NULL, 0, '2023-03-26 21:54:40', '2023-03-26 21:54:40'),
(165, '844de882-cbee-11ed-a29a-8e60b21ff602', 231, 0, 'Shahed Mohiuddin', '', '0000000000 ', NULL, 0, '2023-03-26 21:54:40', '2023-03-26 21:54:40'),
(166, '844de95e-cbee-11ed-a6ae-8e60b21ff602', 232, 0, 'Zahid Hossain', '', '0000000000 ', NULL, 0, '2023-03-26 21:54:40', '2023-03-26 21:54:40'),
(167, '844dea30-cbee-11ed-ae3b-8e60b21ff602', 234, 0, 'Sadia Khan', '', '0000000000 ', NULL, 0, '2023-03-26 21:54:40', '2023-03-26 21:54:40'),
(168, '844deaf8-cbee-11ed-abb2-8e60b21ff602', 188, 0, 'Fauzia Olee', '', '0000000000 ', NULL, 0, '2023-03-26 21:54:40', '2023-03-26 21:54:40'),
(169, '844debc0-cbee-11ed-96a7-8e60b21ff602', 189, 0, 'Nazmul Islam Sumon', '', '0000000000 ', NULL, 0, '2023-03-26 21:54:40', '2023-03-26 21:54:40'),
(170, '844dec92-cbee-11ed-b2d3-8e60b21ff602', 191, 0, 'Sohel Uddin', '', '0000000000 ', NULL, 0, '2023-03-26 21:54:40', '2023-03-26 21:54:40'),
(171, '844ded64-cbee-11ed-9d01-8e60b21ff602', 235, 0, 'Nasik Ali Khan', '', '0000000000 ', NULL, 0, '2023-03-26 21:54:40', '2023-03-26 21:54:40'),
(172, '844dee22-cbee-11ed-878e-8e60b21ff602', 5002, 0, 'Fahad', '', '0000000000 ', NULL, 0, '2023-03-26 21:54:40', '2023-03-26 21:54:40'),
(173, '844deef4-cbee-11ed-87ad-8e60b21ff602', 5003, 0, 'Masud', '', '0000000000 ', NULL, 0, '2023-03-26 21:54:40', '2023-03-26 21:54:40'),
(174, '844defc6-cbee-11ed-a83b-8e60b21ff602', 236, 0, 'Anisur Rahma', '', '0000000000 ', NULL, 0, '2023-03-26 21:54:40', '2023-03-26 21:54:40'),
(175, '844df098-cbee-11ed-a680-8e60b21ff602', 238, 0, 'Md Muksetul Islam', '', '0000000000 ', NULL, 0, '2023-03-26 21:54:40', '2023-03-26 21:54:40'),
(176, '844df160-cbee-11ed-948e-8e60b21ff602', 242, 0, 'Rafsanjuny', '', '0000000000 ', NULL, 0, '2023-03-26 21:54:40', '2023-03-26 21:54:40'),
(177, '844df228-cbee-11ed-ab0d-8e60b21ff602', 192, 0, 'Emon Ahmed', '', '0000000000 ', NULL, 0, '2023-03-26 21:54:40', '2023-03-26 21:54:40'),
(178, '844df2f0-cbee-11ed-b98e-8e60b21ff602', 193, 0, 'Mainul Hasan', '', '0000000000 ', NULL, 0, '2023-03-26 21:54:40', '2023-03-26 21:54:40'),
(179, '844df3b8-cbee-11ed-b8d9-8e60b21ff602', 194, 0, 'Suraiya Parvin', '', '0000000000 ', NULL, 0, '2023-03-26 21:54:40', '2023-03-26 21:54:40'),
(180, '844df48a-cbee-11ed-99d9-8e60b21ff602', 195, 0, 'Arup Ratan Barua', '', '0000000000 ', NULL, 0, '2023-03-26 21:54:40', '2023-03-26 21:54:40'),
(181, '844df55c-cbee-11ed-8f2d-8e60b21ff602', 196, 0, 'Inzamam Haque', '', '0000000000 ', NULL, 0, '2023-03-26 21:54:40', '2023-03-26 21:54:40'),
(182, '844df638-cbee-11ed-894f-8e60b21ff602', 197, 0, 'Saud Faisal', '', '0000000000 ', NULL, 0, '2023-03-26 21:54:40', '2023-03-26 21:54:40'),
(183, '844df70a-cbee-11ed-b805-8e60b21ff602', 198, 0, 'Sahida Sumi', '', '0000000000 ', NULL, 0, '2023-03-26 21:54:40', '2023-03-26 21:54:40'),
(184, '844df7d2-cbee-11ed-a99b-8e60b21ff602', 245, 0, 'Golam Kibria', '', '0000000000 ', NULL, 0, '2023-03-26 21:54:40', '2023-03-26 21:54:40'),
(185, '844df8d6-cbee-11ed-9a78-8e60b21ff602', 252, 0, 'Sadia Jahan', '', '0000000000 ', NULL, 0, '2023-03-26 21:54:40', '2023-03-26 21:54:40'),
(186, '844df944-cbee-11ed-81af-8e60b21ff602', 203, 0, 'Fahim Foysal', '', '0000000000 ', NULL, 0, '2023-03-26 21:54:40', '2023-03-26 21:54:40'),
(187, '844df9a8-cbee-11ed-a28a-8e60b21ff602', 204, 0, 'Riesh Ahmed', '', '0000000000 ', NULL, 0, '2023-03-26 21:54:40', '2023-03-26 21:54:40'),
(188, '844dfa16-cbee-11ed-855f-8e60b21ff602', 6000, 0, '6000', '', '0000000000 ', NULL, 0, '2023-03-26 21:54:40', '2023-03-26 21:54:40'),
(189, '844dfa84-cbee-11ed-a196-8e60b21ff602', 12341, 0, '12341', '', '0000000000 ', NULL, 0, '2023-03-26 21:54:40', '2023-03-26 21:54:40'),
(190, '844dfaf2-cbee-11ed-bcf3-8e60b21ff602', 206, 14, 'Anik Chowdhury', '', '0000000000 ', NULL, 0, '2023-03-26 21:54:40', '2023-03-26 21:54:40'),
(191, '844dfb60-cbee-11ed-8be2-8e60b21ff602', 12594, 0, '12594', '', '0000000000 ', NULL, 0, '2023-03-26 21:54:40', '2023-03-26 21:54:40'),
(192, '844dfbce-cbee-11ed-9b36-8e60b21ff602', 5016, 0, 'Murshidul Hasan', '', '0000000000 ', NULL, 0, '2023-03-26 21:54:40', '2023-03-26 21:54:40'),
(193, '844dfc46-cbee-11ed-921b-8e60b21ff602', 253, 0, 'Kausar Islam', '', '0000000000 ', NULL, 0, '2023-03-26 21:54:40', '2023-03-26 21:54:40'),
(194, '844dfcaa-cbee-11ed-b5a6-8e60b21ff602', 254, 0, 'Pobon', '', '0000000000 ', NULL, 0, '2023-03-26 21:54:40', '2023-03-26 21:54:40'),
(195, '844dfd18-cbee-11ed-991e-8e60b21ff602', 255, 0, 'Muslim Uddin', '', '0000000000 ', NULL, 0, '2023-03-26 21:54:40', '2023-03-26 21:54:40'),
(196, '844dfd90-cbee-11ed-8c68-8e60b21ff602', 256, 0, 'Mahfuzur Rahman', '', '0000000000 ', NULL, 0, '2023-03-26 21:54:40', '2023-03-26 21:54:40'),
(197, '844dfe08-cbee-11ed-a1aa-8e60b21ff602', 257, 0, 'Nirjan Bhadra', '', '0000000000 ', NULL, 0, '2023-03-26 21:54:40', '2023-03-26 21:54:40'),
(198, '844dfe76-cbee-11ed-ba07-8e60b21ff602', 258, 0, 'Shaheen Ara Begum', '', '0000000000 ', NULL, 0, '2023-03-26 21:54:40', '2023-03-26 21:54:40'),
(199, '844dfeee-cbee-11ed-8dc6-8e60b21ff602', 259, 0, 'Sabit Hossain', '', '0000000000 ', NULL, 0, '2023-03-26 21:54:40', '2023-03-26 21:54:40'),
(200, '844dff52-cbee-11ed-8891-8e60b21ff602', 5017, 0, 'Sujan Saha', '', '0000000000 ', NULL, 0, '2023-03-26 21:54:40', '2023-03-26 21:54:40'),
(201, '844dffca-cbee-11ed-8fe5-8e60b21ff602', 260, 0, 'Imran', '', '0000000000 ', NULL, 0, '2023-03-26 21:54:40', '2023-03-26 21:54:40'),
(202, '844e002e-cbee-11ed-a6f0-8e60b21ff602', 126, 0, 'Momen', '', '0000000000 ', NULL, 0, '2023-03-26 21:54:40', '2023-03-26 21:54:40'),
(203, '844e009c-cbee-11ed-8207-8e60b21ff602', 261, 0, 'Tajmul Hossain', '', '0000000000 ', NULL, 0, '2023-03-26 21:54:40', '2023-03-26 21:54:40'),
(204, '844e010a-cbee-11ed-8ca7-8e60b21ff602', 307, 0, 'Waliullah Eamin', '', '0000000000 ', NULL, 0, '2023-03-26 21:54:40', '2023-03-26 21:54:40'),
(205, '844e016e-cbee-11ed-9774-8e60b21ff602', 263, 0, 'MD RIMAN', '', '0000000000 ', NULL, 0, '2023-03-26 21:54:40', '2023-03-26 21:54:40'),
(206, '844e01dc-cbee-11ed-a386-8e60b21ff602', 264, 0, 'Sanaul Haque Niloy', '', '0000000000 ', NULL, 0, '2023-03-26 21:54:40', '2023-03-26 21:54:40'),
(207, '844e024a-cbee-11ed-b1dc-8e60b21ff602', 223, 0, 'Ashraf Uddin Khan', '', '0000000000 ', NULL, 0, '2023-03-26 21:54:40', '2023-03-26 21:54:40'),
(208, '844e02b8-cbee-11ed-a6b0-8e60b21ff602', 269, 14, 'Ashiqur Rahman', '', '0000000000 ', NULL, 0, '2023-03-26 21:54:40', '2023-03-26 21:54:40'),
(209, '844e031c-cbee-11ed-b9f1-8e60b21ff602', 267, 0, 'Vicky Gonsalves', '', '0000000000 ', NULL, 0, '2023-03-26 21:54:40', '2023-03-26 21:54:40'),
(210, '844e038a-cbee-11ed-abaf-8e60b21ff602', 265, 0, 'Amit Kundu', '', '0000000000 ', NULL, 0, '2023-03-26 21:54:40', '2023-03-26 21:54:40'),
(211, '844e03f8-cbee-11ed-a41c-8e60b21ff602', 268, 0, 'Md Razu Ahammad', '', '0000000000 ', NULL, 0, '2023-03-26 21:54:40', '2023-03-26 21:54:40'),
(212, '844e0466-cbee-11ed-aa93-8e60b21ff602', 5018, 0, 'Tuhin', '', '0000000000 ', NULL, 0, '2023-03-26 21:54:40', '2023-03-26 21:54:40'),
(213, '844e04d4-cbee-11ed-a898-8e60b21ff602', 5019, 0, 'Anwara Parveen', '', '0000000000 ', NULL, 0, '2023-03-26 21:54:40', '2023-03-26 21:54:40'),
(214, '844e0542-cbee-11ed-b71c-8e60b21ff602', 266, 0, 'Md Noyon', '', '0000000000 ', NULL, 0, '2023-03-26 21:54:40', '2023-03-26 21:54:40'),
(215, '844e05b0-cbee-11ed-85ff-8e60b21ff602', 270, 0, 'Jahid Hasan', '', '0000000000 ', NULL, 0, '2023-03-26 21:54:40', '2023-03-26 21:54:40'),
(216, '844e0614-cbee-11ed-a2fa-8e60b21ff602', 271, 0, 'Pragna Laboni', '', '0000000000 ', NULL, 0, '2023-03-26 21:54:40', '2023-03-26 21:54:40'),
(217, '844e0682-cbee-11ed-8b31-8e60b21ff602', 272, 0, 'Saiful Islam', '', '0000000000 ', NULL, 0, '2023-03-26 21:54:40', '2023-03-26 21:54:40'),
(218, '844e06e6-cbee-11ed-8f58-8e60b21ff602', 273, 0, 'Md Taukir Hossen', '', '0000000000 ', NULL, 0, '2023-03-26 21:54:40', '2023-03-26 21:54:40'),
(219, '844e0754-cbee-11ed-8c6a-8e60b21ff602', 274, 0, 'Aquib Abdullah', '', '0000000000 ', NULL, 0, '2023-03-26 21:54:40', '2023-03-26 21:54:40'),
(220, '844e07b8-cbee-11ed-a705-8e60b21ff602', 275, 0, 'Sajid Hasan', '', '0000000000 ', NULL, 0, '2023-03-26 21:54:40', '2023-03-26 21:54:40'),
(221, '844e0826-cbee-11ed-91e8-8e60b21ff602', 276, 0, 'Moshfique Us Shalehin', '', '0000000000 ', NULL, 0, '2023-03-26 21:54:40', '2023-03-26 21:54:40'),
(222, '844e088a-cbee-11ed-9c14-8e60b21ff602', 12854, 0, '12854', '', '0000000000 ', NULL, 0, '2023-03-26 21:54:40', '2023-03-26 21:54:40'),
(223, '844e08f8-cbee-11ed-84d9-8e60b21ff602', 12855, 0, '12855', '', '0000000000 ', NULL, 0, '2023-03-26 21:54:40', '2023-03-26 21:54:40'),
(224, '844e095c-cbee-11ed-bfa1-8e60b21ff602', 12857, 0, '12857', '', '0000000000 ', NULL, 0, '2023-03-26 21:54:40', '2023-03-26 21:54:40'),
(225, '844e09ca-cbee-11ed-bd1a-8e60b21ff602', 13368, 0, '13368', '', '0000000000 ', NULL, 0, '2023-03-26 21:54:40', '2023-03-26 21:54:40'),
(226, '844e0a2e-cbee-11ed-8313-8e60b21ff602', 13618, 0, '13618', '', '0000000000 ', NULL, 0, '2023-03-26 21:54:40', '2023-03-26 21:54:40'),
(227, '844e0aa6-cbee-11ed-95b1-8e60b21ff602', 14130, 0, '14130', '', '0000000000 ', NULL, 0, '2023-03-26 21:54:40', '2023-03-26 21:54:40'),
(228, '844e0b14-cbee-11ed-916e-8e60b21ff602', 3158322, 0, '3158322', '', '0000000000 ', NULL, 0, '2023-03-26 21:54:40', '2023-03-26 21:54:40'),
(229, '844e0b82-cbee-11ed-bb2c-8e60b21ff602', 3158578, 0, '3158578', '', '0000000000 ', NULL, 0, '2023-03-26 21:54:40', '2023-03-26 21:54:40'),
(230, '844e0bf0-cbee-11ed-af5b-8e60b21ff602', 3223858, 0, '3223858', '', '0000000000 ', NULL, 0, '2023-03-26 21:54:40', '2023-03-26 21:54:40'),
(231, '844e0c5e-cbee-11ed-a805-8e60b21ff602', 3225137, 0, '3225137', '', '0000000000 ', NULL, 0, '2023-03-26 21:54:40', '2023-03-26 21:54:40'),
(232, '844e0ccc-cbee-11ed-a66b-8e60b21ff602', 3225649, 0, '3225649', '', '0000000000 ', NULL, 0, '2023-03-26 21:54:40', '2023-03-26 21:54:40'),
(233, '844e0d30-cbee-11ed-8a66-8e60b21ff602', 3289138, 0, '3289138', '', '0000000000 ', NULL, 0, '2023-03-26 21:54:40', '2023-03-26 21:54:40'),
(234, '844e0d9e-cbee-11ed-be42-8e60b21ff602', 3420465, 0, '3420465', '', '0000000000 ', NULL, 0, '2023-03-26 21:54:40', '2023-03-26 21:54:40'),
(235, '844e0e02-cbee-11ed-a948-8e60b21ff602', 3486001, 0, '3486001', '', '0000000000 ', NULL, 0, '2023-03-26 21:54:40', '2023-03-26 21:54:40'),
(236, '844e0e70-cbee-11ed-8f89-8e60b21ff602', 3487025, 0, '3487025', '', '0000000000 ', NULL, 0, '2023-03-26 21:54:40', '2023-03-26 21:54:40'),
(237, '844e0ed4-cbee-11ed-8979-8e60b21ff602', 3551282, 0, '3551282', '', '0000000000 ', NULL, 0, '2023-03-26 21:54:40', '2023-03-26 21:54:40'),
(238, '844e0f38-cbee-11ed-a667-8e60b21ff602', 3552817, 0, '3552817', '', '0000000000 ', NULL, 0, '2023-03-26 21:54:40', '2023-03-26 21:54:40'),
(239, '844e0fa6-cbee-11ed-b6d6-8e60b21ff602', 3616818, 0, '3616818', '', '0000000000 ', NULL, 0, '2023-03-26 21:54:40', '2023-03-26 21:54:40'),
(240, '844e100a-cbee-11ed-95aa-8e60b21ff602', 3617074, 0, '3617074', '', '0000000000 ', NULL, 0, '2023-03-26 21:54:40', '2023-03-26 21:54:40'),
(241, '844e106e-cbee-11ed-9edd-8e60b21ff602', 3618097, 0, '3618097', '', '0000000000 ', NULL, 0, '2023-03-26 21:54:40', '2023-03-26 21:54:40'),
(242, '844e10dc-cbee-11ed-a132-8e60b21ff602', 3619121, 0, '3619121', '', '0000000000 ', NULL, 0, '2023-03-26 21:54:40', '2023-03-26 21:54:40'),
(243, '844e1140-cbee-11ed-a611-8e60b21ff602', 3682354, 0, '3682354', '', '0000000000 ', NULL, 0, '2023-03-26 21:54:40', '2023-03-26 21:54:40'),
(244, '844e11ae-cbee-11ed-ab11-8e60b21ff602', 959459381, 0, '959459381', '', '0000000000 ', NULL, 0, '2023-03-26 21:54:40', '2023-03-26 21:54:40'),
(245, '844e121c-cbee-11ed-ae4a-8e60b21ff602', 277, 0, 'Tawhidur Rahman', '', '0000000000 ', NULL, 0, '2023-03-26 21:54:40', '2023-03-26 21:54:40'),
(246, '844e1280-cbee-11ed-ba0c-8e60b21ff602', 5020, 0, 'Md Hamiduzzaman', '', '0000000000 ', NULL, 0, '2023-03-26 21:54:40', '2023-03-26 21:54:40'),
(247, '844e12ee-cbee-11ed-91d6-8e60b21ff602', 5021, 0, 'Md Selim Azad', '', '0000000000 ', NULL, 0, '2023-03-26 21:54:40', '2023-03-26 21:54:40'),
(248, '844e1352-cbee-11ed-bc47-8e60b21ff602', 278, 0, 'MD SHAHRIAR PARVEZ', '', '0000000000 ', NULL, 0, '2023-03-26 21:54:40', '2023-03-26 21:54:40'),
(249, '844e13c0-cbee-11ed-83aa-8e60b21ff602', 284, 0, 'Sanjida Hridi', '', '0000000000 ', NULL, 0, '2023-03-26 21:54:40', '2023-03-26 21:54:40'),
(250, '844e1424-cbee-11ed-98e7-8e60b21ff602', 283, 0, 'Shahriar Ahmed Ayon', '', '0000000000 ', NULL, 0, '2023-03-26 21:54:40', '2023-03-26 21:54:40'),
(251, '844e1488-cbee-11ed-a5b3-8e60b21ff602', 282, 0, 'Asif Nowwhad Khan', '', '0000000000 ', NULL, 0, '2023-03-26 21:54:40', '2023-03-26 21:54:40'),
(252, '844e14f6-cbee-11ed-90d3-8e60b21ff602', 294, 0, 'Md Ruhul Karim', '', '0000000000 ', NULL, 0, '2023-03-26 21:54:40', '2023-03-26 21:54:40'),
(253, '844e1564-cbee-11ed-a847-8e60b21ff602', 279, 0, 'Md Mahmudul Hasan', '', '0000000000 ', NULL, 0, '2023-03-26 21:54:40', '2023-03-26 21:54:40'),
(254, '844e15c8-cbee-11ed-b1c2-8e60b21ff602', 280, 0, 'Kazi Zamil Hasan', '', '0000000000 ', NULL, 0, '2023-03-26 21:54:40', '2023-03-26 21:54:40'),
(255, '844e1636-cbee-11ed-baf4-8e60b21ff602', 281, 0, 'SYEDA TASNIM ISLAM ZARIN', '', '0000000000 ', NULL, 0, '2023-03-26 21:54:40', '2023-03-26 21:54:40'),
(256, '844e169a-cbee-11ed-831a-8e60b21ff602', 312, 0, 'MD JEWEL RANA', '', '0000000000 ', NULL, 0, '2023-03-26 21:54:40', '2023-03-26 21:54:40'),
(257, '844e1708-cbee-11ed-95cf-8e60b21ff602', 347, 0, 'Salsabil Tabassum', '', '0000000000 ', NULL, 0, '2023-03-26 21:54:40', '2023-03-26 21:54:40'),
(258, '844e1794-cbee-11ed-94f1-8e60b21ff602', 286, 0, '286', '', '0000000000 ', NULL, 0, '2023-03-26 21:54:40', '2023-03-26 21:54:40'),
(259, '844e1802-cbee-11ed-8f54-8e60b21ff602', 287, 0, 'Jasmin Akter', '', '0000000000 ', NULL, 0, '2023-03-26 21:54:40', '2023-03-26 21:54:40'),
(260, '844e1870-cbee-11ed-8a1c-8e60b21ff602', 289, 0, 'Md.Ashiqur Rahman', '', '0000000000 ', NULL, 0, '2023-03-26 21:54:40', '2023-03-26 21:54:40'),
(261, '844e18de-cbee-11ed-9176-8e60b21ff602', 288, 0, '288', '', '0000000000 ', NULL, 0, '2023-03-26 21:54:40', '2023-03-26 21:54:40'),
(262, '844e1942-cbee-11ed-842a-8e60b21ff602', 290, 0, 'Nur Mohammad ', '', '0000000000 ', NULL, 0, '2023-03-26 21:54:40', '2023-03-26 21:54:40'),
(263, '844e19b0-cbee-11ed-896a-8e60b21ff602', 291, 0, '291', '', '0010761286 ', NULL, 0, '2023-03-26 21:54:40', '2023-03-26 21:54:40'),
(264, '844e1a14-cbee-11ed-8034-8e60b21ff602', 293, 0, '293', '', '0000000000 ', NULL, 0, '2023-03-26 21:54:40', '2023-03-26 21:54:40'),
(265, '844e1a82-cbee-11ed-a651-8e60b21ff602', 5022, 0, '5022', '', '0000000000 ', NULL, 0, '2023-03-26 21:54:40', '2023-03-26 21:54:40'),
(266, '844e1ae6-cbee-11ed-9214-8e60b21ff602', 331, 0, 'Forid Hossain', '', '0000000000 ', NULL, 0, '2023-03-26 21:54:40', '2023-03-26 21:54:40'),
(267, '844e1b54-cbee-11ed-863c-8e60b21ff602', 5023, 0, 'Mofassal Aziz', '', '0000000000 ', NULL, 0, '2023-03-26 21:54:40', '2023-03-26 21:54:40'),
(268, '844e1bc2-cbee-11ed-8238-8e60b21ff602', 299, 0, 'Abdul Malek', '', '0000000000 ', NULL, 0, '2023-03-26 21:54:40', '2023-03-26 21:54:40'),
(269, '844e1c26-cbee-11ed-86e7-8e60b21ff602', 5034, 0, 'MUHTASIM ULFAT', '', '0000000000 ', NULL, 0, '2023-03-26 21:54:40', '2023-03-26 21:54:40'),
(270, '844e1c94-cbee-11ed-8d74-8e60b21ff602', 301, 0, 'Syeda Afrin', '', '0000000000 ', NULL, 0, '2023-03-26 21:54:40', '2023-03-26 21:54:40'),
(271, '844e1d02-cbee-11ed-9b53-8e60b21ff602', 15, 0, 'AK Fazlul Haque', '', '0000000000 ', NULL, 0, '2023-03-26 21:54:40', '2023-03-26 21:54:40'),
(272, '844e1d70-cbee-11ed-a238-8e60b21ff602', 304, 0, 'STM Nuruddin Sharif', '', '0000000000 ', NULL, 0, '2023-03-26 21:54:40', '2023-03-26 21:54:40'),
(273, '844e1dde-cbee-11ed-9c85-8e60b21ff602', 303, 0, 'Abdullah AL Mamun', '', '0000000000 ', NULL, 0, '2023-03-26 21:54:40', '2023-03-26 21:54:40'),
(274, '844e1e42-cbee-11ed-bf8a-8e60b21ff602', 305, 0, 'Md Zubayer Abedin', '', '0008286413 ', NULL, 0, '2023-03-26 21:54:40', '2023-03-26 21:54:40'),
(275, '844e1eb0-cbee-11ed-9aa2-8e60b21ff602', 262, 0, 'Kadir Uddin', '', '0000000000 ', NULL, 0, '2023-03-26 21:54:40', '2023-03-26 21:54:40'),
(276, '844e1f28-cbee-11ed-8915-8e60b21ff602', 5028, 0, 'Mejba Hossain', '', '0000000000 ', NULL, 0, '2023-03-26 21:54:40', '2023-03-26 21:54:40'),
(277, '844e1f96-cbee-11ed-8500-8e60b21ff602', 306, 0, 'Md Sayed Ul Karim', '', '0000000000 ', NULL, 0, '2023-03-26 21:54:40', '2023-03-26 21:54:40'),
(278, '844e2004-cbee-11ed-8078-8e60b21ff602', 310, 0, 'Arif Hossain', '', '0000000000 ', NULL, 0, '2023-03-26 21:54:40', '2023-03-26 21:54:40'),
(279, '844e207c-cbee-11ed-a555-8e60b21ff602', 311, 0, 'Md.Hasibul Hasan', '', '0000000000 ', NULL, 0, '2023-03-26 21:54:40', '2023-03-26 21:54:40'),
(280, '844e20f4-cbee-11ed-94b2-8e60b21ff602', 308, 0, 'Tabassum Siddiqy', '', '0000000000 ', NULL, 0, '2023-03-26 21:54:40', '2023-03-26 21:54:40'),
(281, '844e2162-cbee-11ed-9b48-8e60b21ff602', 309, 0, 'Tumpa Rani', '', '0015228303 ', NULL, 0, '2023-03-26 21:54:40', '2023-03-26 21:54:40'),
(282, '844e21d0-cbee-11ed-b5ff-8e60b21ff602', 5024, 0, '5024', '', '0000000000 ', NULL, 0, '2023-03-26 21:54:40', '2023-03-26 21:54:40'),
(283, '844e223e-cbee-11ed-8166-8e60b21ff602', 5025, 0, '5025', '', '0000000000 ', NULL, 0, '2023-03-26 21:54:40', '2023-03-26 21:54:40'),
(284, '844e22ac-cbee-11ed-9899-8e60b21ff602', 5026, 0, '5026', '', '0000000000 ', NULL, 0, '2023-03-26 21:54:40', '2023-03-26 21:54:40'),
(285, '844e2324-cbee-11ed-a76a-8e60b21ff602', 5027, 0, '5027', '', '0000000000 ', NULL, 0, '2023-03-26 21:54:40', '2023-03-26 21:54:40'),
(286, '844e2392-cbee-11ed-b385-8e60b21ff602', 5029, 0, '5029', '', '0000000000 ', NULL, 0, '2023-03-26 21:54:40', '2023-03-26 21:54:40'),
(287, '844e2400-cbee-11ed-93c0-8e60b21ff602', 5030, 0, '5030', '', '0000000000 ', NULL, 0, '2023-03-26 21:54:40', '2023-03-26 21:54:40'),
(288, '844e246e-cbee-11ed-86c9-8e60b21ff602', 225, 0, 'Shah Samir', '', '0000000000 ', NULL, 0, '2023-03-26 21:54:40', '2023-03-26 21:54:40'),
(289, '844e24dc-cbee-11ed-b684-8e60b21ff602', 318, 0, 'Muttakin Zaman', '', '0000000000 ', NULL, 0, '2023-03-26 21:54:40', '2023-03-26 21:54:40'),
(290, '844e2540-cbee-11ed-8cf0-8e60b21ff602', 316, 0, 'Md Mainul Islam', '', '0003447671 ', NULL, 0, '2023-03-26 21:54:40', '2023-03-26 21:54:40'),
(291, '844e25ae-cbee-11ed-9e56-8e60b21ff602', 315, 0, 'Rashed Mahmud', '', '0000000000 ', NULL, 0, '2023-03-26 21:54:40', '2023-03-26 21:54:40'),
(292, '844e2626-cbee-11ed-a300-8e60b21ff602', 314, 0, 'Junied Hossain', '', '0000000000 ', NULL, 0, '2023-03-26 21:54:40', '2023-03-26 21:54:40'),
(293, '844e2694-cbee-11ed-9024-8e60b21ff602', 317, 0, 'Jayanti Biswas', '', '0000000000 ', NULL, 0, '2023-03-26 21:54:40', '2023-03-26 21:54:40'),
(294, '844e2702-cbee-11ed-866c-8e60b21ff602', 319, 0, 'Abir Hasan', '', '0000000000 ', NULL, 0, '2023-03-26 21:54:40', '2023-03-26 21:54:40'),
(295, '844e277a-cbee-11ed-981c-8e60b21ff602', 320, 0, 'Jannatul Ferdus', '', '0000000000 ', NULL, 0, '2023-03-26 21:54:40', '2023-03-26 21:54:40'),
(296, '844e27e8-cbee-11ed-9b3e-8e60b21ff602', 323, 0, 'Taufiq Eftakhar', '', '0000000000 ', NULL, 0, '2023-03-26 21:54:40', '2023-03-26 21:54:40'),
(297, '844e2856-cbee-11ed-832a-8e60b21ff602', 313, 0, 'Kawsar Ahamed', '', '0000000000 ', NULL, 0, '2023-03-26 21:54:40', '2023-03-26 21:54:40'),
(298, '844e28c4-cbee-11ed-85d4-8e60b21ff602', 321, 0, 'MD GIAS UDDIN', '', '0000000000 ', NULL, 0, '2023-03-26 21:54:40', '2023-03-26 21:54:40'),
(299, '844e2932-cbee-11ed-b509-8e60b21ff602', 322, 0, 'HALIMA YESMIN', '', '0000000000 ', NULL, 0, '2023-03-26 21:54:40', '2023-03-26 21:54:40'),
(300, '844e29a0-cbee-11ed-8e5d-8e60b21ff602', 5031, 0, '5031', '', '0000000000 ', NULL, 0, '2023-03-26 21:54:40', '2023-03-26 21:54:40'),
(301, '844e2a04-cbee-11ed-b28b-8e60b21ff602', 5032, 0, '5032', '', '0000000000 ', NULL, 0, '2023-03-26 21:54:40', '2023-03-26 21:54:40'),
(302, '844e2a72-cbee-11ed-9414-8e60b21ff602', 5033, 0, '5033', '', '0000000000 ', NULL, 0, '2023-03-26 21:54:40', '2023-03-26 21:54:40'),
(303, '844e2ad6-cbee-11ed-8138-8e60b21ff602', 324, 0, 'MD RAISUL', '', '0000000000 ', NULL, 0, '2023-03-26 21:54:40', '2023-03-26 21:54:40'),
(304, '844e2b44-cbee-11ed-bcdf-8e60b21ff602', 325, 0, 'MD IMRAN HOSSAIN', '', '0000000000 ', NULL, 0, '2023-03-26 21:54:40', '2023-03-26 21:54:40'),
(305, '844e2ba8-cbee-11ed-85b3-8e60b21ff602', 326, 0, 'SHEIKH WAHIDUZZAMAN', '', '0000000000 ', NULL, 0, '2023-03-26 21:54:40', '2023-03-26 21:54:40'),
(306, '844e2c16-cbee-11ed-a919-8e60b21ff602', 327, 0, 'Anjan Kumar', '', '0000000000 ', NULL, 0, '2023-03-26 21:54:40', '2023-03-26 21:54:40'),
(307, '844e2c7a-cbee-11ed-9fc2-8e60b21ff602', 328, 0, 'Shakil Hossain', '', '0000000000 ', NULL, 0, '2023-03-26 21:54:40', '2023-03-26 21:54:40'),
(308, '844e2cde-cbee-11ed-b724-8e60b21ff602', 5042, 0, '5042', '', '0000000000 ', NULL, 0, '2023-03-26 21:54:40', '2023-03-26 21:54:40'),
(309, '844e2d42-cbee-11ed-83b9-8e60b21ff602', 329, 0, 'Nasir Wahid', '', '0000000000 ', NULL, 0, '2023-03-26 21:54:40', '2023-03-26 21:54:40'),
(310, '844e2db0-cbee-11ed-89bd-8e60b21ff602', 330, 0, 'Mehedi Hasan', '', '0000000000 ', NULL, 0, '2023-03-26 21:54:40', '2023-03-26 21:54:40'),
(311, '844e2e14-cbee-11ed-8082-8e60b21ff602', 5035, 0, 'Shahadat Hossain', '', '0000000000 ', NULL, 0, '2023-03-26 21:54:40', '2023-03-26 21:54:40'),
(312, '844e2e78-cbee-11ed-bfc2-8e60b21ff602', 5036, 0, 'Romel', '', '0000000000 ', NULL, 0, '2023-03-26 21:54:40', '2023-03-26 21:54:40'),
(313, '844e2edc-cbee-11ed-aa40-8e60b21ff602', 296, 0, 'Saem', '', '0000000000 ', NULL, 0, '2023-03-26 21:54:40', '2023-03-26 21:54:40'),
(314, '844e2f4a-cbee-11ed-ae84-8e60b21ff602', 297, 0, 'ArifMainUddin', '', '0000000000 ', NULL, 0, '2023-03-26 21:54:40', '2023-03-26 21:54:40'),
(315, '844e2fae-cbee-11ed-8650-8e60b21ff602', 300, 0, 'Sazzad', '', '0010791030 ', NULL, 0, '2023-03-26 21:54:40', '2023-03-26 21:54:40'),
(316, '844e3012-cbee-11ed-a68a-8e60b21ff602', 332, 0, 'Md Asadur Rahman Talukde', '', '0000000000 ', NULL, 0, '2023-03-26 21:54:40', '2023-03-26 21:54:40'),
(317, '844e3076-cbee-11ed-8d24-8e60b21ff602', 337, 0, 'Jesika Rahman', '', '0000000000 ', NULL, 0, '2023-03-26 21:54:40', '2023-03-26 21:54:40'),
(318, '844e30e4-cbee-11ed-b2dd-8e60b21ff602', 338, 0, 'Khaza Mohammad Imtiaz Al', '', '0000000000 ', NULL, 0, '2023-03-26 21:54:40', '2023-03-26 21:54:40'),
(319, '844e3148-cbee-11ed-895a-8e60b21ff602', 333, 0, 'Md. Eyasin Arafat', '', '0000000000 ', NULL, 0, '2023-03-26 21:54:40', '2023-03-26 21:54:40'),
(320, '844e31ac-cbee-11ed-a09e-8e60b21ff602', 336, 0, 'Anwara Khatun', '', '0000000000 ', NULL, 0, '2023-03-26 21:54:40', '2023-03-26 21:54:40'),
(321, '844e3210-cbee-11ed-aa98-8e60b21ff602', 334, 0, 'Rahena Rashid', '', '0000000000 ', NULL, 0, '2023-03-26 21:54:40', '2023-03-26 21:54:40'),
(322, '844e3274-cbee-11ed-b1c9-8e60b21ff602', 216, 0, 'Sumon', '', '0000000000 ', NULL, 0, '2023-03-26 21:54:40', '2023-03-26 21:54:40'),
(323, '844e32e2-cbee-11ed-bb9e-8e60b21ff602', 12339, 0, '12339', '', '0000000000 ', NULL, 0, '2023-03-26 21:54:40', '2023-03-26 21:54:40'),
(324, '844e3346-cbee-11ed-bdd1-8e60b21ff602', 12851, 0, '12851', '', '0000000000 ', NULL, 0, '2023-03-26 21:54:40', '2023-03-26 21:54:40'),
(325, '844e33aa-cbee-11ed-9643-8e60b21ff602', 13873, 0, '13873', '', '0000000000 ', NULL, 0, '2023-03-26 21:54:40', '2023-03-26 21:54:40'),
(326, '844e3418-cbee-11ed-9186-8e60b21ff602', 13874, 0, '13874', '', '0000000000 ', NULL, 0, '2023-03-26 21:54:40', '2023-03-26 21:54:40'),
(327, '844e3486-cbee-11ed-89be-8e60b21ff602', 341, 0, 'Md. Sohanur Rahman', '', '0000000000 ', NULL, 0, '2023-03-26 21:54:40', '2023-03-26 21:54:40'),
(328, '844e34ea-cbee-11ed-afaa-8e60b21ff602', 339, 0, 'Fahim Mahbub', '', '0000000000 ', NULL, 0, '2023-03-26 21:54:40', '2023-03-26 21:54:40'),
(329, '844e354e-cbee-11ed-b47e-8e60b21ff602', 340, 0, 'Sajedul Haque Siam', '', '0000000000 ', NULL, 0, '2023-03-26 21:54:40', '2023-03-26 21:54:40'),
(330, '844e35b2-cbee-11ed-8e78-8e60b21ff602', 343, 0, 'Eshna Rahman', '', '0000000000 ', NULL, 0, '2023-03-26 21:54:40', '2023-03-26 21:54:40'),
(331, '844e3620-cbee-11ed-8ce7-8e60b21ff602', 5037, 0, '5037', '', '0000000000 ', NULL, 0, '2023-03-26 21:54:40', '2023-03-26 21:54:40'),
(332, '844e3684-cbee-11ed-a7f3-8e60b21ff602', 5038, 0, '5038', '', '0000000000 ', NULL, 0, '2023-03-26 21:54:40', '2023-03-26 21:54:40'),
(333, '844e36e8-cbee-11ed-bbfc-8e60b21ff602', 345, 0, 'Saadman', '', '0000000000 ', NULL, 0, '2023-03-26 21:54:40', '2023-03-26 21:54:40'),
(334, '844e3756-cbee-11ed-95b1-8e60b21ff602', 344, 0, 'Md Tanzil Hossain', '', '0000000000 ', NULL, 0, '2023-03-26 21:54:40', '2023-03-26 21:54:40'),
(335, '844e37ba-cbee-11ed-a931-8e60b21ff602', 346, 14, 'Mehedi Hasan', '', '0000000000 ', NULL, 0, '2023-03-26 21:54:40', '2023-03-26 21:54:40'),
(336, '844e381e-cbee-11ed-8361-8e60b21ff602', 5040, 0, 'MARIAYASMINNILA', '', '0000000000 ', NULL, 0, '2023-03-26 21:54:40', '2023-03-26 21:54:40'),
(337, '844e3882-cbee-11ed-a701-8e60b21ff602', 355, 0, 'MAZED', '', '0000000000 ', NULL, 0, '2023-03-26 21:54:40', '2023-03-26 21:54:40'),
(338, '844e38e6-cbee-11ed-b2ee-8e60b21ff602', 356, 0, 'NISHAT TASNIM', '', '0000000000 ', NULL, 0, '2023-03-26 21:54:40', '2023-03-26 21:54:40'),
(339, '844e394a-cbee-11ed-9a8e-8e60b21ff602', 357, 0, 'SAMIHA', '', '0000000000 ', NULL, 0, '2023-03-26 21:54:40', '2023-03-26 21:54:40'),
(340, '844e39ae-cbee-11ed-9022-8e60b21ff602', 348, 0, 'SADMAN', '', '0000000000 ', NULL, 0, '2023-03-26 21:54:40', '2023-03-26 21:54:40'),
(341, '844e3a1c-cbee-11ed-8d8b-8e60b21ff602', 350, 0, 'ABDULLAH', '', '0000000000 ', NULL, 0, '2023-03-26 21:54:40', '2023-03-26 21:54:40'),
(342, '844e3a80-cbee-11ed-a738-8e60b21ff602', 349, 0, 'MAOWA', '', '0000000000 ', NULL, 0, '2023-03-26 21:54:40', '2023-03-26 21:54:40'),
(343, '844e3ae4-cbee-11ed-93f1-8e60b21ff602', 5039, 0, '5039', '', '0000000000 ', NULL, 0, '2023-03-26 21:54:40', '2023-03-26 21:54:40'),
(344, '844e3b48-cbee-11ed-86bd-8e60b21ff602', 352, 0, 'RIFAT', '', '0000000000 ', NULL, 0, '2023-03-26 21:54:40', '2023-03-26 21:54:40'),
(345, '844e3bac-cbee-11ed-9522-8e60b21ff602', 351, 0, 'NAHID', '', '0000000000 ', NULL, 0, '2023-03-26 21:54:40', '2023-03-26 21:54:40'),
(346, '844e3c1a-cbee-11ed-af30-8e60b21ff602', 354, 0, 'MAMUNUR', '', '0000000000 ', NULL, 0, '2023-03-26 21:54:40', '2023-03-26 21:54:40'),
(347, '844e3c7e-cbee-11ed-ac21-8e60b21ff602', 353, 0, 'JASIM', '', '0000000000 ', NULL, 0, '2023-03-26 21:54:40', '2023-03-26 21:54:40'),
(348, '844e3ce2-cbee-11ed-990d-8e60b21ff602', 358, 0, 'FAHMIDA RIMI', '', '0000000000 ', NULL, 0, '2023-03-26 21:54:40', '2023-03-26 21:54:40');
INSERT INTO `employee` (`id`, `uuid`, `userId`, `role`, `name`, `password`, `cardNo`, `finger`, `status`, `createdAt`, `updatedAt`) VALUES
(349, '844e3d46-cbee-11ed-83d1-8e60b21ff602', 359, 0, 'RAIHAN BIN ISLAM', '', '0000000000 ', NULL, 0, '2023-03-26 21:54:40', '2023-03-26 21:54:40'),
(350, '844e3daa-cbee-11ed-affc-8e60b21ff602', 360, 0, 'Md Yeasin Mahmud', '', '0000000000 ', NULL, 0, '2023-03-26 21:54:40', '2023-03-26 21:54:40'),
(351, '844e3e0e-cbee-11ed-9437-8e60b21ff602', 361, 0, 'Debosree Saha', '', '0000000000 ', NULL, 0, '2023-03-26 21:54:40', '2023-03-26 21:54:40'),
(352, '844e3e7c-cbee-11ed-add9-8e60b21ff602', 364, 0, 'SahidulIslam', '', '0000000000 ', NULL, 0, '2023-03-26 21:54:40', '2023-03-26 21:54:40'),
(353, '844e3ee0-cbee-11ed-844c-8e60b21ff602', 366, 0, 'Naima Milky', '', '0000000000 ', NULL, 0, '2023-03-26 21:54:40', '2023-03-26 21:54:40'),
(354, '844e3f44-cbee-11ed-9544-8e60b21ff602', 362, 0, 'Md. Omar Farukh Sakib', '', '0000000000 ', NULL, 0, '2023-03-26 21:54:40', '2023-03-26 21:54:40'),
(355, '844e4156-cbee-11ed-b651-8e60b21ff602', 363, 0, 'Tanvir Mahmud', '', '0000000000 ', NULL, 0, '2023-03-26 21:54:40', '2023-03-26 21:54:40'),
(356, '844e423c-cbee-11ed-b372-8e60b21ff602', 365, 0, 'MD NAWSHAD SALAHUDDIN', '', '0000000000 ', NULL, 0, '2023-03-26 21:54:40', '2023-03-26 21:54:40'),
(357, '844e42a0-cbee-11ed-96cf-8e60b21ff602', 13369, 0, '13369', '', '0000000000 ', NULL, 0, '2023-03-26 21:54:40', '2023-03-26 21:54:40'),
(358, '844e4318-cbee-11ed-a2c8-8e60b21ff602', 13875, 0, '13875', '', '0000000000 ', NULL, 0, '2023-03-26 21:54:40', '2023-03-26 21:54:40'),
(359, '844e4386-cbee-11ed-a817-8e60b21ff602', 3551281, 0, '3551281', '', '0000000000 ', NULL, 0, '2023-03-26 21:54:40', '2023-03-26 21:54:40'),
(360, '844e43ea-cbee-11ed-8d26-8e60b21ff602', 368, 0, 'Nazmus Sakib', '', '0000000000 ', NULL, 0, '2023-03-26 21:54:40', '2023-03-26 21:54:40'),
(361, '844e444e-cbee-11ed-a712-8e60b21ff602', 370, 0, 'Rifat Jahan', '', '0000000000 ', NULL, 0, '2023-03-26 21:54:40', '2023-03-26 21:54:40'),
(362, '844e44b2-cbee-11ed-9732-8e60b21ff602', 371, 0, 'Md Tanzil Hossain', '', '0000000000 ', NULL, 0, '2023-03-26 21:54:40', '2023-03-26 21:54:40'),
(363, '844e4516-cbee-11ed-9b69-8e60b21ff602', 372, 0, 'Walid Hasan', '', '0000000000 ', NULL, 0, '2023-03-26 21:54:40', '2023-03-26 21:54:40'),
(364, '844e457a-cbee-11ed-9631-8e60b21ff602', 295, 0, 'Hasibul Hasan', '', '0000000000 ', NULL, 0, '2023-03-26 21:54:40', '2023-03-26 21:54:40'),
(365, '844e45e8-cbee-11ed-b6d5-8e60b21ff602', 373, 0, 'Nowrin Rahman', '', '0000000000 ', NULL, 0, '2023-03-26 21:54:40', '2023-03-26 21:54:40'),
(366, '844e464c-cbee-11ed-9e46-8e60b21ff602', 378, 0, 'Sofdar Mahmud Tusher', '', '0000000000 ', NULL, 0, '2023-03-26 21:54:40', '2023-03-26 21:54:40'),
(367, '844e46b0-cbee-11ed-a64c-8e60b21ff602', 377, 0, 'Nishat Tasnim', '', '0000000000 ', NULL, 0, '2023-03-26 21:54:40', '2023-03-26 21:54:40'),
(368, '844e4714-cbee-11ed-96fb-8e60b21ff602', 376, 0, 'Tasmiah Tarannum', '', '0000000000 ', NULL, 0, '2023-03-26 21:54:40', '2023-03-26 21:54:40'),
(369, '844e4778-cbee-11ed-86da-8e60b21ff602', 374, 0, 'Kazi Mohammed Nafees', '', '0000000000 ', NULL, 0, '2023-03-26 21:54:40', '2023-03-26 21:54:40'),
(370, '844e47dc-cbee-11ed-a984-8e60b21ff602', 375, 0, 'Rehnuma Tabassum khan', '', '0000000000 ', NULL, 0, '2023-03-26 21:54:40', '2023-03-26 21:54:40'),
(371, '844e4840-cbee-11ed-96f3-8e60b21ff602', 379, 0, 'G.M Ahammad', '', '0000000000 ', NULL, 0, '2023-03-26 21:54:40', '2023-03-26 21:54:40'),
(372, '844e48ae-cbee-11ed-acee-8e60b21ff602', 777777, 0, 'Shoriful Isalam Liton', '', '0000000000 ', NULL, 0, '2023-03-26 21:54:40', '2023-03-26 21:54:40'),
(373, '844e4912-cbee-11ed-86f1-8e60b21ff602', 380, 0, 'Samy Jony', '', '0000000000 ', NULL, 0, '2023-03-26 21:54:40', '2023-03-26 21:54:40'),
(374, '844e4980-cbee-11ed-b2f5-8e60b21ff602', 382, 0, 'Ekfat Hossain', '', '0000000000 ', NULL, 0, '2023-03-26 21:54:40', '2023-03-26 21:54:40'),
(375, '844e49e4-cbee-11ed-8ed9-8e60b21ff602', 389, 0, 'Hasibul Hasan', '', '0000000000 ', NULL, 0, '2023-03-26 21:54:40', '2023-03-26 21:54:40'),
(376, '844e4a48-cbee-11ed-93ae-8e60b21ff602', 390, 0, 'Emdad Hossain', '', '0000000000 ', NULL, 0, '2023-03-26 21:54:40', '2023-03-26 21:54:40'),
(377, '844e4ab6-cbee-11ed-b76a-8e60b21ff602', 383, 0, 'Md. Tanvir Ahmed', '', '0000000000 ', NULL, 0, '2023-03-26 21:54:40', '2023-03-26 21:54:40'),
(378, '844e4b1a-cbee-11ed-ae77-8e60b21ff602', 388, 0, 'Md Tasmiah Alam', '', '0000000000 ', NULL, 0, '2023-03-26 21:54:40', '2023-03-26 21:54:40'),
(379, '844e4b7e-cbee-11ed-aa37-8e60b21ff602', 384, 0, 'Tousif Uddin', '', '0000000000 ', NULL, 0, '2023-03-26 21:54:40', '2023-03-26 21:54:40'),
(380, '844e4be2-cbee-11ed-bc69-8e60b21ff602', 385, 0, 'Md Shakawat Hossain', '', '0000000000 ', NULL, 0, '2023-03-26 21:54:40', '2023-03-26 21:54:40'),
(381, '844e4c46-cbee-11ed-a1fb-8e60b21ff602', 387, 0, 'Md Arman Kabir', '', '0000000000 ', NULL, 0, '2023-03-26 21:54:40', '2023-03-26 21:54:40'),
(382, '844e4caa-cbee-11ed-bcfe-8e60b21ff602', 386, 0, 'Jabir Ibne Kamal', '', '0000000000 ', NULL, 0, '2023-03-26 21:54:40', '2023-03-26 21:54:40'),
(383, '844e4d18-cbee-11ed-9cfc-8e60b21ff602', 391, 0, 'Mohammed Mainul Haque', '', '0000000000 ', NULL, 0, '2023-03-26 21:54:40', '2023-03-26 21:54:40'),
(384, '845c22d0-cbee-11ed-a057-8e60b21ff602', 45, 0, 'Mehedee', '', '0000057929 ', NULL, 0, '2023-03-26 21:54:40', '2023-03-26 21:54:40');

-- --------------------------------------------------------

--
-- Table structure for table `employee_device_relation`
--

CREATE TABLE `employee_device_relation` (
  `id` int NOT NULL,
  `uuid` char(36) NOT NULL,
  `deviceUid` varchar(10) NOT NULL,
  `employeeId` int NOT NULL,
  `deviceId` int NOT NULL,
  `finger` tinyint(1) NOT NULL DEFAULT '0',
  `createdAt` datetime NOT NULL DEFAULT CURRENT_TIMESTAMP,
  `updatedAt` datetime NOT NULL DEFAULT CURRENT_TIMESTAMP
) ENGINE=InnoDB DEFAULT CHARSET=utf8mb4 COLLATE=utf8mb4_0900_ai_ci;

--
-- Dumping data for table `employee_device_relation`
--

INSERT INTO `employee_device_relation` (`id`, `uuid`, `deviceUid`, `employeeId`, `deviceId`, `finger`, `createdAt`, `updatedAt`) VALUES
(1, '844d5b42-cbee-11ed-9ecd-8e60b21ff602', '1', 1, 4, 0, '2023-03-26 21:54:40', '2023-03-26 21:54:40'),
(2, '844d5d90-cbee-11ed-85d2-8e60b21ff602', '2', 2, 4, 0, '2023-03-26 21:54:40', '2023-03-26 21:54:40'),
(3, '844d5ef8-cbee-11ed-ac38-8e60b21ff602', '3', 3, 4, 0, '2023-03-26 21:54:40', '2023-03-26 21:54:40'),
(4, '844d6056-cbee-11ed-850f-8e60b21ff602', '4', 6, 4, 0, '2023-03-26 21:54:40', '2023-03-26 21:54:40'),
(5, '844d61aa-cbee-11ed-b922-8e60b21ff602', '5', 7, 4, 0, '2023-03-26 21:54:40', '2023-03-26 21:54:40'),
(6, '844d62fe-cbee-11ed-b096-8e60b21ff602', '6', 8, 4, 0, '2023-03-26 21:54:40', '2023-03-26 21:54:40'),
(7, '844d645c-cbee-11ed-b0de-8e60b21ff602', '7', 190, 4, 0, '2023-03-26 21:54:40', '2023-03-26 21:54:40'),
(8, '844d65b0-cbee-11ed-93d0-8e60b21ff602', '8', 9, 4, 0, '2023-03-26 21:54:40', '2023-03-26 21:54:40'),
(9, '844d6704-cbee-11ed-92dd-8e60b21ff602', '9', 11, 4, 0, '2023-03-26 21:54:40', '2023-03-26 21:54:40'),
(10, '844d6858-cbee-11ed-a31c-8e60b21ff602', '10', 13, 4, 0, '2023-03-26 21:54:40', '2023-03-26 21:54:40'),
(11, '844d69ac-cbee-11ed-b59f-8e60b21ff602', '11', 14, 4, 0, '2023-03-26 21:54:40', '2023-03-26 21:54:40'),
(12, '844d6b00-cbee-11ed-9697-8e60b21ff602', '12', 302, 4, 0, '2023-03-26 21:54:40', '2023-03-26 21:54:40'),
(13, '844d6c54-cbee-11ed-9ac3-8e60b21ff602', '13', 16, 4, 0, '2023-03-26 21:54:40', '2023-03-26 21:54:40'),
(14, '844d6da8-cbee-11ed-aac8-8e60b21ff602', '14', 17, 4, 0, '2023-03-26 21:54:40', '2023-03-26 21:54:40'),
(15, '844d6f2e-cbee-11ed-a515-8e60b21ff602', '15', 12, 4, 0, '2023-03-26 21:54:40', '2023-03-26 21:54:40'),
(16, '844d7050-cbee-11ed-8eeb-8e60b21ff602', '16', 19, 4, 0, '2023-03-26 21:54:40', '2023-03-26 21:54:40'),
(17, '844d7186-cbee-11ed-b423-8e60b21ff602', '17', 27, 4, 0, '2023-03-26 21:54:40', '2023-03-26 21:54:40'),
(18, '844d7258-cbee-11ed-b849-8e60b21ff602', '18', 21, 4, 0, '2023-03-26 21:54:40', '2023-03-26 21:54:40'),
(19, '844d7320-cbee-11ed-8a9e-8e60b21ff602', '19', 22, 4, 0, '2023-03-26 21:54:40', '2023-03-26 21:54:40'),
(20, '844d73f2-cbee-11ed-be63-8e60b21ff602', '20', 555, 4, 0, '2023-03-26 21:54:40', '2023-03-26 21:54:40'),
(21, '844d74c4-cbee-11ed-96ce-8e60b21ff602', '21', 24, 4, 0, '2023-03-26 21:54:40', '2023-03-26 21:54:40'),
(22, '844d758c-cbee-11ed-8794-8e60b21ff602', '22', 25, 4, 0, '2023-03-26 21:54:40', '2023-03-26 21:54:40'),
(23, '844d7654-cbee-11ed-a495-8e60b21ff602', '23', 70, 4, 0, '2023-03-26 21:54:40', '2023-03-26 21:54:40'),
(24, '844d771c-cbee-11ed-a862-8e60b21ff602', '24', 219, 4, 0, '2023-03-26 21:54:40', '2023-03-26 21:54:40'),
(25, '844d77e4-cbee-11ed-a124-8e60b21ff602', '25', 28, 4, 0, '2023-03-26 21:54:40', '2023-03-26 21:54:40'),
(26, '844d78ac-cbee-11ed-9265-8e60b21ff602', '26', 29, 4, 0, '2023-03-26 21:54:40', '2023-03-26 21:54:40'),
(27, '844d7974-cbee-11ed-8b40-8e60b21ff602', '27', 5006, 4, 0, '2023-03-26 21:54:40', '2023-03-26 21:54:40'),
(28, '844d7a3c-cbee-11ed-bccf-8e60b21ff602', '28', 31, 4, 0, '2023-03-26 21:54:40', '2023-03-26 21:54:40'),
(29, '844d7afa-cbee-11ed-a7fb-8e60b21ff602', '29', 32, 4, 0, '2023-03-26 21:54:40', '2023-03-26 21:54:40'),
(30, '844d7bc2-cbee-11ed-bc39-8e60b21ff602', '30', 5007, 4, 0, '2023-03-26 21:54:40', '2023-03-26 21:54:40'),
(31, '844d7c8a-cbee-11ed-9c92-8e60b21ff602', '31', 202, 4, 0, '2023-03-26 21:54:40', '2023-03-26 21:54:40'),
(32, '844d7d48-cbee-11ed-bc88-8e60b21ff602', '32', 5008, 4, 0, '2023-03-26 21:54:40', '2023-03-26 21:54:40'),
(33, '844d7e10-cbee-11ed-b3bc-8e60b21ff602', '33', 220, 4, 0, '2023-03-26 21:54:40', '2023-03-26 21:54:40'),
(34, '844d7ed8-cbee-11ed-befe-8e60b21ff602', '34', 226, 4, 0, '2023-03-26 21:54:40', '2023-03-26 21:54:40'),
(35, '844d7fa0-cbee-11ed-97c1-8e60b21ff602', '35', 43, 4, 0, '2023-03-26 21:54:40', '2023-03-26 21:54:40'),
(36, '844d8068-cbee-11ed-a52b-8e60b21ff602', '36', 36, 4, 14, '2023-03-26 21:54:40', '2023-03-26 21:54:40'),
(37, '844d8130-cbee-11ed-932d-8e60b21ff602', '37', 227, 4, 0, '2023-03-26 21:54:40', '2023-03-26 21:54:40'),
(38, '844d81f8-cbee-11ed-b2d1-8e60b21ff602', '38', 211, 4, 14, '2023-03-26 21:54:40', '2023-03-26 21:54:40'),
(39, '844d82c0-cbee-11ed-9c4b-8e60b21ff602', '39', 166, 4, 0, '2023-03-26 21:54:40', '2023-03-26 21:54:40'),
(40, '844d8388-cbee-11ed-aaf3-8e60b21ff602', '40', 50, 4, 0, '2023-03-26 21:54:40', '2023-03-26 21:54:40'),
(41, '844d8446-cbee-11ed-82c0-8e60b21ff602', '41', 222, 4, 0, '2023-03-26 21:54:40', '2023-03-26 21:54:40'),
(42, '844d850e-cbee-11ed-b654-8e60b21ff602', '42', 38, 4, 0, '2023-03-26 21:54:40', '2023-03-26 21:54:40'),
(43, '844d85d6-cbee-11ed-b105-8e60b21ff602', '43', 42, 4, 0, '2023-03-26 21:54:40', '2023-03-26 21:54:40'),
(44, '844d869e-cbee-11ed-aa9b-8e60b21ff602', '44', 224, 4, 0, '2023-03-26 21:54:40', '2023-03-26 21:54:40'),
(45, '844d8766-cbee-11ed-9881-8e60b21ff602', '45', 55, 4, 0, '2023-03-26 21:54:40', '2023-03-26 21:54:40'),
(46, '844d882e-cbee-11ed-b4ee-8e60b21ff602', '46', 56, 4, 0, '2023-03-26 21:54:40', '2023-03-26 21:54:40'),
(47, '844d88ec-cbee-11ed-87c5-8e60b21ff602', '47', 57, 4, 0, '2023-03-26 21:54:40', '2023-03-26 21:54:40'),
(48, '844d89be-cbee-11ed-a346-8e60b21ff602', '48', 58, 4, 0, '2023-03-26 21:54:40', '2023-03-26 21:54:40'),
(49, '844d8a7c-cbee-11ed-bf3d-8e60b21ff602', '49', 44, 4, 0, '2023-03-26 21:54:40', '2023-03-26 21:54:40'),
(50, '844d8b44-cbee-11ed-82f8-8e60b21ff602', '50', 60, 4, 0, '2023-03-26 21:54:40', '2023-03-26 21:54:40'),
(51, '844d8c0c-cbee-11ed-84c7-8e60b21ff602', '51', 217, 4, 0, '2023-03-26 21:54:40', '2023-03-26 21:54:40'),
(52, '844d8cd4-cbee-11ed-9823-8e60b21ff602', '52', 53, 4, 0, '2023-03-26 21:54:40', '2023-03-26 21:54:40'),
(53, '844d8d9c-cbee-11ed-997a-8e60b21ff602', '53', 218, 4, 0, '2023-03-26 21:54:40', '2023-03-26 21:54:40'),
(54, '844d8e64-cbee-11ed-8ffc-8e60b21ff602', '54', 59, 4, 0, '2023-03-26 21:54:40', '2023-03-26 21:54:40'),
(55, '844d8f22-cbee-11ed-8e0d-8e60b21ff602', '55', 62, 4, 0, '2023-03-26 21:54:40', '2023-03-26 21:54:40'),
(56, '844d8fea-cbee-11ed-a6e1-8e60b21ff602', '56', 66, 4, 0, '2023-03-26 21:54:40', '2023-03-26 21:54:40'),
(57, '844d90b2-cbee-11ed-b910-8e60b21ff602', '57', 367, 4, 0, '2023-03-26 21:54:40', '2023-03-26 21:54:40'),
(58, '844d917a-cbee-11ed-b7f2-8e60b21ff602', '58', 69, 4, 0, '2023-03-26 21:54:40', '2023-03-26 21:54:40'),
(59, '844d9242-cbee-11ed-9385-8e60b21ff602', '59', 500, 4, 0, '2023-03-26 21:54:40', '2023-03-26 21:54:40'),
(60, '844d9300-cbee-11ed-ba51-8e60b21ff602', '60', 74, 4, 0, '2023-03-26 21:54:40', '2023-03-26 21:54:40'),
(61, '844d93d2-cbee-11ed-a50a-8e60b21ff602', '61', 72, 4, 0, '2023-03-26 21:54:40', '2023-03-26 21:54:40'),
(62, '844d949a-cbee-11ed-94e9-8e60b21ff602', '62', 73, 4, 0, '2023-03-26 21:54:40', '2023-03-26 21:54:40'),
(63, '844d9558-cbee-11ed-9144-8e60b21ff602', '63', 71, 4, 0, '2023-03-26 21:54:40', '2023-03-26 21:54:40'),
(64, '844d9620-cbee-11ed-9290-8e60b21ff602', '64', 75, 4, 0, '2023-03-26 21:54:40', '2023-03-26 21:54:40'),
(65, '844d96f2-cbee-11ed-bfb0-8e60b21ff602', '65', 76, 4, 0, '2023-03-26 21:54:40', '2023-03-26 21:54:40'),
(66, '844d97ba-cbee-11ed-aa21-8e60b21ff602', '66', 77, 4, 0, '2023-03-26 21:54:40', '2023-03-26 21:54:40'),
(67, '844d9882-cbee-11ed-8bd6-8e60b21ff602', '67', 207, 4, 0, '2023-03-26 21:54:40', '2023-03-26 21:54:40'),
(68, '844d9940-cbee-11ed-902e-8e60b21ff602', '68', 91, 4, 0, '2023-03-26 21:54:40', '2023-03-26 21:54:40'),
(69, '844d9a12-cbee-11ed-8836-8e60b21ff602', '69', 209, 4, 0, '2023-03-26 21:54:40', '2023-03-26 21:54:40'),
(70, '844d9ad0-cbee-11ed-99d0-8e60b21ff602', '70', 106, 4, 0, '2023-03-26 21:54:40', '2023-03-26 21:54:40'),
(71, '844d9b98-cbee-11ed-a5b2-8e60b21ff602', '71', 212, 4, 0, '2023-03-26 21:54:40', '2023-03-26 21:54:40'),
(72, '844d9c60-cbee-11ed-9dd3-8e60b21ff602', '72', 213, 4, 0, '2023-03-26 21:54:40', '2023-03-26 21:54:40'),
(73, '844d9d1e-cbee-11ed-94b1-8e60b21ff602', '73', 84, 4, 0, '2023-03-26 21:54:40', '2023-03-26 21:54:40'),
(74, '844d9f1c-cbee-11ed-b71f-8e60b21ff602', '74', 229, 4, 0, '2023-03-26 21:54:40', '2023-03-26 21:54:40'),
(75, '844da016-cbee-11ed-ac5d-8e60b21ff602', '75', 233, 4, 0, '2023-03-26 21:54:40', '2023-03-26 21:54:40'),
(76, '844da0de-cbee-11ed-bc5e-8e60b21ff602', '76', 87, 4, 0, '2023-03-26 21:54:40', '2023-03-26 21:54:40'),
(77, '844da1a6-cbee-11ed-ae7e-8e60b21ff602', '77', 107, 4, 0, '2023-03-26 21:54:40', '2023-03-26 21:54:40'),
(78, '844da26e-cbee-11ed-853b-8e60b21ff602', '78', 111, 4, 0, '2023-03-26 21:54:40', '2023-03-26 21:54:40'),
(79, '844da336-cbee-11ed-82d7-8e60b21ff602', '79', 124, 4, 0, '2023-03-26 21:54:40', '2023-03-26 21:54:40'),
(80, '844da3fe-cbee-11ed-b00b-8e60b21ff602', '80', 130, 4, 0, '2023-03-26 21:54:40', '2023-03-26 21:54:40'),
(81, '844da4c6-cbee-11ed-8198-8e60b21ff602', '81', 92, 4, 0, '2023-03-26 21:54:40', '2023-03-26 21:54:40'),
(82, '844da58e-cbee-11ed-a32e-8e60b21ff602', '82', 137, 4, 0, '2023-03-26 21:54:40', '2023-03-26 21:54:40'),
(83, '844da656-cbee-11ed-854e-8e60b21ff602', '83', 94, 4, 0, '2023-03-26 21:54:40', '2023-03-26 21:54:40'),
(84, '844da728-cbee-11ed-9934-8e60b21ff602', '84', 152, 4, 0, '2023-03-26 21:54:40', '2023-03-26 21:54:40'),
(85, '844da7f0-cbee-11ed-bcdf-8e60b21ff602', '85', 215, 4, 0, '2023-03-26 21:54:40', '2023-03-26 21:54:40'),
(86, '844da8b8-cbee-11ed-8698-8e60b21ff602', '86', 2000, 4, 14, '2023-03-26 21:54:40', '2023-03-26 21:54:40'),
(87, '844da976-cbee-11ed-aeb4-8e60b21ff602', '87', 172, 4, 0, '2023-03-26 21:54:40', '2023-03-26 21:54:40'),
(88, '844daa3e-cbee-11ed-bc9b-8e60b21ff602', '88', 5001, 4, 0, '2023-03-26 21:54:40', '2023-03-26 21:54:40'),
(89, '844dab06-cbee-11ed-baca-8e60b21ff602', '89', 156, 4, 0, '2023-03-26 21:54:40', '2023-03-26 21:54:40'),
(90, '844dabc4-cbee-11ed-9442-8e60b21ff602', '90', 237, 4, 0, '2023-03-26 21:54:40', '2023-03-26 21:54:40'),
(91, '844dac8c-cbee-11ed-b876-8e60b21ff602', '91', 102, 4, 0, '2023-03-26 21:54:40', '2023-03-26 21:54:40'),
(92, '844dad54-cbee-11ed-adbd-8e60b21ff602', '92', 157, 4, 0, '2023-03-26 21:54:40', '2023-03-26 21:54:40'),
(93, '844dae1c-cbee-11ed-824a-8e60b21ff602', '93', 104, 4, 0, '2023-03-26 21:54:40', '2023-03-26 21:54:40'),
(94, '844daeda-cbee-11ed-bf1e-8e60b21ff602', '94', 239, 4, 0, '2023-03-26 21:54:40', '2023-03-26 21:54:40'),
(95, '844dafa2-cbee-11ed-8695-8e60b21ff602', '95', 1000, 4, 0, '2023-03-26 21:54:40', '2023-03-26 21:54:40'),
(96, '844db06a-cbee-11ed-9e33-8e60b21ff602', '96', 240, 4, 0, '2023-03-26 21:54:40', '2023-03-26 21:54:40'),
(97, '844db132-cbee-11ed-8fdc-8e60b21ff602', '97', 5000, 4, 0, '2023-03-26 21:54:40', '2023-03-26 21:54:40'),
(98, '844db1fa-cbee-11ed-aa4e-8e60b21ff602', '98', 5, 4, 0, '2023-03-26 21:54:40', '2023-03-26 21:54:40'),
(99, '844db2c2-cbee-11ed-950f-8e60b21ff602', '99', 161, 4, 0, '2023-03-26 21:54:40', '2023-03-26 21:54:40'),
(100, '844db38a-cbee-11ed-a54c-8e60b21ff602', '100', 105, 4, 0, '2023-03-26 21:54:40', '2023-03-26 21:54:40'),
(101, '844db452-cbee-11ed-9b94-8e60b21ff602', '101', 168, 4, 0, '2023-03-26 21:54:40', '2023-03-26 21:54:40'),
(102, '844db51a-cbee-11ed-bcca-8e60b21ff602', '102', 241, 4, 0, '2023-03-26 21:54:40', '2023-03-26 21:54:40'),
(103, '844db5e2-cbee-11ed-8b2a-8e60b21ff602', '103', 108, 4, 0, '2023-03-26 21:54:40', '2023-03-26 21:54:40'),
(104, '844db6a0-cbee-11ed-ab2b-8e60b21ff602', '104', 169, 4, 0, '2023-03-26 21:54:40', '2023-03-26 21:54:40'),
(105, '844db768-cbee-11ed-b2c4-8e60b21ff602', '105', 243, 4, 0, '2023-03-26 21:54:40', '2023-03-26 21:54:40'),
(106, '844db826-cbee-11ed-86ae-8e60b21ff602', '106', 180, 4, 0, '2023-03-26 21:54:40', '2023-03-26 21:54:40'),
(107, '844db8ee-cbee-11ed-b477-8e60b21ff602', '107', 143, 4, 0, '2023-03-26 21:54:40', '2023-03-26 21:54:40'),
(108, '844db9ac-cbee-11ed-9e94-8e60b21ff602', '108', 176, 4, 0, '2023-03-26 21:54:40', '2023-03-26 21:54:40'),
(109, '844dba74-cbee-11ed-8573-8e60b21ff602', '109', 113, 4, 0, '2023-03-26 21:54:40', '2023-03-26 21:54:40'),
(110, '844dbb3c-cbee-11ed-a744-8e60b21ff602', '110', 114, 4, 0, '2023-03-26 21:54:40', '2023-03-26 21:54:40'),
(111, '844dbbfa-cbee-11ed-9404-8e60b21ff602', '111', 115, 4, 0, '2023-03-26 21:54:40', '2023-03-26 21:54:40'),
(112, '844dbcc2-cbee-11ed-84fa-8e60b21ff602', '112', 185, 4, 0, '2023-03-26 21:54:40', '2023-03-26 21:54:40'),
(113, '844dbd8a-cbee-11ed-afc7-8e60b21ff602', '113', 244, 4, 0, '2023-03-26 21:54:40', '2023-03-26 21:54:40'),
(114, '844dbe48-cbee-11ed-b912-8e60b21ff602', '114', 118, 4, 0, '2023-03-26 21:54:40', '2023-03-26 21:54:40'),
(115, '844dbf10-cbee-11ed-abc4-8e60b21ff602', '115', 119, 4, 0, '2023-03-26 21:54:40', '2023-03-26 21:54:40'),
(116, '844dbfd8-cbee-11ed-8b93-8e60b21ff602', '116', 246, 4, 0, '2023-03-26 21:54:40', '2023-03-26 21:54:40'),
(117, '844dc0a0-cbee-11ed-8c49-8e60b21ff602', '117', 121, 4, 0, '2023-03-26 21:54:40', '2023-03-26 21:54:40'),
(118, '844dc168-cbee-11ed-b343-8e60b21ff602', '118', 122, 4, 0, '2023-03-26 21:54:40', '2023-03-26 21:54:40'),
(119, '844dc244-cbee-11ed-ba15-8e60b21ff602', '119', 5010, 4, 0, '2023-03-26 21:54:40', '2023-03-26 21:54:40'),
(120, '844dc30c-cbee-11ed-a300-8e60b21ff602', '120', 5011, 4, 0, '2023-03-26 21:54:40', '2023-03-26 21:54:40'),
(121, '844dc3ca-cbee-11ed-81ba-8e60b21ff602', '121', 125, 4, 0, '2023-03-26 21:54:40', '2023-03-26 21:54:40'),
(122, '844dc49c-cbee-11ed-9b41-8e60b21ff602', '122', 179, 4, 0, '2023-03-26 21:54:40', '2023-03-26 21:54:40'),
(123, '844dc564-cbee-11ed-8586-8e60b21ff602', '123', 127, 4, 0, '2023-03-26 21:54:40', '2023-03-26 21:54:40'),
(124, '844dc62c-cbee-11ed-921f-8e60b21ff602', '124', 129, 4, 0, '2023-03-26 21:54:40', '2023-03-26 21:54:40'),
(125, '844dc6f4-cbee-11ed-b6d8-8e60b21ff602', '125', 181, 4, 0, '2023-03-26 21:54:40', '2023-03-26 21:54:40'),
(126, '844dc7bc-cbee-11ed-8938-8e60b21ff602', '126', 5012, 4, 0, '2023-03-26 21:54:40', '2023-03-26 21:54:40'),
(127, '844dc884-cbee-11ed-b487-8e60b21ff602', '127', 131, 4, 0, '2023-03-26 21:54:40', '2023-03-26 21:54:40'),
(128, '844dc94c-cbee-11ed-96b4-8e60b21ff602', '128', 248, 4, 0, '2023-03-26 21:54:40', '2023-03-26 21:54:40'),
(129, '844dca1e-cbee-11ed-9893-8e60b21ff602', '129', 133, 4, 0, '2023-03-26 21:54:40', '2023-03-26 21:54:40'),
(130, '844dcaf0-cbee-11ed-a907-8e60b21ff602', '130', 249, 4, 0, '2023-03-26 21:54:40', '2023-03-26 21:54:40'),
(131, '844dcbb8-cbee-11ed-a086-8e60b21ff602', '131', 142, 4, 0, '2023-03-26 21:54:40', '2023-03-26 21:54:40'),
(132, '844dcc80-cbee-11ed-af91-8e60b21ff602', '132', 136, 4, 0, '2023-03-26 21:54:40', '2023-03-26 21:54:40'),
(133, '844dcd52-cbee-11ed-8db1-8e60b21ff602', '133', 182, 4, 0, '2023-03-26 21:54:40', '2023-03-26 21:54:40'),
(134, '844dce1a-cbee-11ed-b874-8e60b21ff602', '134', 138, 4, 0, '2023-03-26 21:54:40', '2023-03-26 21:54:40'),
(135, '844dceec-cbee-11ed-bad6-8e60b21ff602', '135', 139, 4, 0, '2023-03-26 21:54:40', '2023-03-26 21:54:40'),
(136, '844dcfb4-cbee-11ed-a7ef-8e60b21ff602', '136', 247, 4, 0, '2023-03-26 21:54:40', '2023-03-26 21:54:40'),
(137, '844dd07c-cbee-11ed-8203-8e60b21ff602', '137', 175, 4, 0, '2023-03-26 21:54:40', '2023-03-26 21:54:40'),
(138, '844dd144-cbee-11ed-a6f0-8e60b21ff602', '138', 183, 4, 0, '2023-03-26 21:54:40', '2023-03-26 21:54:40'),
(139, '844dd20c-cbee-11ed-9afe-8e60b21ff602', '139', 250, 4, 0, '2023-03-26 21:54:40', '2023-03-26 21:54:40'),
(140, '844dd2d4-cbee-11ed-a370-8e60b21ff602', '140', 251, 4, 0, '2023-03-26 21:54:40', '2023-03-26 21:54:40'),
(141, '844dd39c-cbee-11ed-83e1-8e60b21ff602', '141', 184, 4, 0, '2023-03-26 21:54:40', '2023-03-26 21:54:40'),
(142, '844dd464-cbee-11ed-ae23-8e60b21ff602', '142', 146, 4, 0, '2023-03-26 21:54:40', '2023-03-26 21:54:40'),
(143, '844dd52c-cbee-11ed-ac57-8e60b21ff602', '143', 147, 4, 0, '2023-03-26 21:54:40', '2023-03-26 21:54:40'),
(144, '844dd5f4-cbee-11ed-a306-8e60b21ff602', '144', 5013, 4, 0, '2023-03-26 21:54:40', '2023-03-26 21:54:40'),
(145, '844dd702-cbee-11ed-8a2e-8e60b21ff602', '145', 5014, 4, 0, '2023-03-26 21:54:40', '2023-03-26 21:54:40'),
(146, '844dd7ca-cbee-11ed-a47d-8e60b21ff602', '146', 162, 4, 0, '2023-03-26 21:54:40', '2023-03-26 21:54:40'),
(147, '844dd892-cbee-11ed-a7ba-8e60b21ff602', '147', 5015, 4, 0, '2023-03-26 21:54:40', '2023-03-26 21:54:40'),
(148, '844dd964-cbee-11ed-aad2-8e60b21ff602', '148', 186, 4, 0, '2023-03-26 21:54:40', '2023-03-26 21:54:40'),
(149, '844dda72-cbee-11ed-8422-8e60b21ff602', '149', 163, 4, 0, '2023-03-26 21:54:40', '2023-03-26 21:54:40'),
(150, '844ddba8-cbee-11ed-bf92-8e60b21ff602', '150', 154, 4, 0, '2023-03-26 21:54:40', '2023-03-26 21:54:40'),
(151, '844ddcf2-cbee-11ed-af5a-8e60b21ff602', '151', 155, 4, 0, '2023-03-26 21:54:40', '2023-03-26 21:54:40'),
(152, '844dddd8-cbee-11ed-b94d-8e60b21ff602', '152', 187, 4, 0, '2023-03-26 21:54:40', '2023-03-26 21:54:40'),
(153, '844ddee6-cbee-11ed-9ac8-8e60b21ff602', '153', 199, 4, 0, '2023-03-26 21:54:40', '2023-03-26 21:54:40'),
(154, '844de026-cbee-11ed-a9d9-8e60b21ff602', '154', 200, 4, 0, '2023-03-26 21:54:40', '2023-03-26 21:54:40'),
(155, '844de0ee-cbee-11ed-8e6b-8e60b21ff602', '155', 159, 4, 0, '2023-03-26 21:54:40', '2023-03-26 21:54:40'),
(156, '844de1b6-cbee-11ed-85d0-8e60b21ff602', '156', 205, 4, 0, '2023-03-26 21:54:40', '2023-03-26 21:54:40'),
(157, '844de27e-cbee-11ed-825a-8e60b21ff602', '157', 208, 4, 0, '2023-03-26 21:54:40', '2023-03-26 21:54:40'),
(158, '844de346-cbee-11ed-8da5-8e60b21ff602', '158', 210, 4, 0, '2023-03-26 21:54:40', '2023-03-26 21:54:40'),
(159, '844de40e-cbee-11ed-aa0b-8e60b21ff602', '159', 214, 4, 0, '2023-03-26 21:54:40', '2023-03-26 21:54:40'),
(160, '844de4f4-cbee-11ed-96ae-8e60b21ff602', '160', 221, 4, 0, '2023-03-26 21:54:40', '2023-03-26 21:54:40'),
(161, '844de5c6-cbee-11ed-b8e3-8e60b21ff602', '161', 3000, 4, 0, '2023-03-26 21:54:40', '2023-03-26 21:54:40'),
(162, '844de68e-cbee-11ed-b659-8e60b21ff602', '162', 292, 4, 0, '2023-03-26 21:54:40', '2023-03-26 21:54:40'),
(163, '844de756-cbee-11ed-93d5-8e60b21ff602', '163', 228, 4, 0, '2023-03-26 21:54:40', '2023-03-26 21:54:40'),
(164, '844de81e-cbee-11ed-9333-8e60b21ff602', '164', 230, 4, 0, '2023-03-26 21:54:40', '2023-03-26 21:54:40'),
(165, '844de8f0-cbee-11ed-a4b0-8e60b21ff602', '165', 231, 4, 0, '2023-03-26 21:54:40', '2023-03-26 21:54:40'),
(166, '844de9c2-cbee-11ed-a2af-8e60b21ff602', '166', 232, 4, 0, '2023-03-26 21:54:40', '2023-03-26 21:54:40'),
(167, '844dea8a-cbee-11ed-a0fd-8e60b21ff602', '167', 234, 4, 0, '2023-03-26 21:54:40', '2023-03-26 21:54:40'),
(168, '844deb5c-cbee-11ed-a60b-8e60b21ff602', '168', 188, 4, 0, '2023-03-26 21:54:40', '2023-03-26 21:54:40'),
(169, '844dec24-cbee-11ed-984a-8e60b21ff602', '169', 189, 4, 0, '2023-03-26 21:54:40', '2023-03-26 21:54:40'),
(170, '844decf6-cbee-11ed-97be-8e60b21ff602', '170', 191, 4, 0, '2023-03-26 21:54:40', '2023-03-26 21:54:40'),
(171, '844dedc8-cbee-11ed-980b-8e60b21ff602', '171', 235, 4, 0, '2023-03-26 21:54:40', '2023-03-26 21:54:40'),
(172, '844dee90-cbee-11ed-91e8-8e60b21ff602', '172', 5002, 4, 0, '2023-03-26 21:54:40', '2023-03-26 21:54:40'),
(173, '844def58-cbee-11ed-b55e-8e60b21ff602', '173', 5003, 4, 0, '2023-03-26 21:54:40', '2023-03-26 21:54:40'),
(174, '844df02a-cbee-11ed-aebf-8e60b21ff602', '174', 236, 4, 0, '2023-03-26 21:54:40', '2023-03-26 21:54:40'),
(175, '844df0fc-cbee-11ed-8201-8e60b21ff602', '175', 238, 4, 0, '2023-03-26 21:54:40', '2023-03-26 21:54:40'),
(176, '844df1c4-cbee-11ed-a95e-8e60b21ff602', '176', 242, 4, 0, '2023-03-26 21:54:40', '2023-03-26 21:54:40'),
(177, '844df28c-cbee-11ed-9b03-8e60b21ff602', '177', 192, 4, 0, '2023-03-26 21:54:40', '2023-03-26 21:54:40'),
(178, '844df354-cbee-11ed-b9fb-8e60b21ff602', '178', 193, 4, 0, '2023-03-26 21:54:40', '2023-03-26 21:54:40'),
(179, '844df41c-cbee-11ed-841d-8e60b21ff602', '179', 194, 4, 0, '2023-03-26 21:54:40', '2023-03-26 21:54:40'),
(180, '844df4ee-cbee-11ed-95b8-8e60b21ff602', '180', 195, 4, 0, '2023-03-26 21:54:40', '2023-03-26 21:54:40'),
(181, '844df5ca-cbee-11ed-9f68-8e60b21ff602', '181', 196, 4, 0, '2023-03-26 21:54:40', '2023-03-26 21:54:40'),
(182, '844df69c-cbee-11ed-aadc-8e60b21ff602', '182', 197, 4, 0, '2023-03-26 21:54:40', '2023-03-26 21:54:40'),
(183, '844df76e-cbee-11ed-b75c-8e60b21ff602', '183', 198, 4, 0, '2023-03-26 21:54:40', '2023-03-26 21:54:40'),
(184, '844df836-cbee-11ed-a099-8e60b21ff602', '184', 245, 4, 0, '2023-03-26 21:54:40', '2023-03-26 21:54:40'),
(185, '844df912-cbee-11ed-9b54-8e60b21ff602', '185', 252, 4, 0, '2023-03-26 21:54:40', '2023-03-26 21:54:40'),
(186, '844df976-cbee-11ed-bb09-8e60b21ff602', '186', 203, 4, 0, '2023-03-26 21:54:40', '2023-03-26 21:54:40'),
(187, '844df9e4-cbee-11ed-8085-8e60b21ff602', '187', 204, 4, 0, '2023-03-26 21:54:40', '2023-03-26 21:54:40'),
(188, '844dfa52-cbee-11ed-b0e9-8e60b21ff602', '188', 6000, 4, 0, '2023-03-26 21:54:40', '2023-03-26 21:54:40'),
(189, '844dfab6-cbee-11ed-983c-8e60b21ff602', '189', 12341, 4, 0, '2023-03-26 21:54:40', '2023-03-26 21:54:40'),
(190, '844dfb2e-cbee-11ed-932d-8e60b21ff602', '190', 206, 4, 14, '2023-03-26 21:54:40', '2023-03-26 21:54:40'),
(191, '844dfb9c-cbee-11ed-a727-8e60b21ff602', '191', 12594, 4, 0, '2023-03-26 21:54:40', '2023-03-26 21:54:40'),
(192, '844dfc0a-cbee-11ed-89ff-8e60b21ff602', '192', 5016, 4, 0, '2023-03-26 21:54:40', '2023-03-26 21:54:40'),
(193, '844dfc78-cbee-11ed-8720-8e60b21ff602', '193', 253, 4, 0, '2023-03-26 21:54:40', '2023-03-26 21:54:40'),
(194, '844dfce6-cbee-11ed-b76f-8e60b21ff602', '194', 254, 4, 0, '2023-03-26 21:54:40', '2023-03-26 21:54:40'),
(195, '844dfd54-cbee-11ed-abec-8e60b21ff602', '195', 255, 4, 0, '2023-03-26 21:54:40', '2023-03-26 21:54:40'),
(196, '844dfdcc-cbee-11ed-9bcf-8e60b21ff602', '196', 256, 4, 0, '2023-03-26 21:54:40', '2023-03-26 21:54:40'),
(197, '844dfe44-cbee-11ed-969c-8e60b21ff602', '197', 257, 4, 0, '2023-03-26 21:54:40', '2023-03-26 21:54:40'),
(198, '844dfeb2-cbee-11ed-a22c-8e60b21ff602', '198', 258, 4, 0, '2023-03-26 21:54:40', '2023-03-26 21:54:40'),
(199, '844dff20-cbee-11ed-a745-8e60b21ff602', '199', 259, 4, 0, '2023-03-26 21:54:40', '2023-03-26 21:54:40'),
(200, '844dff8e-cbee-11ed-8014-8e60b21ff602', '200', 5017, 4, 0, '2023-03-26 21:54:40', '2023-03-26 21:54:40'),
(201, '844dfffc-cbee-11ed-b793-8e60b21ff602', '201', 260, 4, 0, '2023-03-26 21:54:40', '2023-03-26 21:54:40'),
(202, '844e006a-cbee-11ed-9632-8e60b21ff602', '202', 126, 4, 0, '2023-03-26 21:54:40', '2023-03-26 21:54:40'),
(203, '844e00ce-cbee-11ed-85fd-8e60b21ff602', '203', 261, 4, 0, '2023-03-26 21:54:40', '2023-03-26 21:54:40'),
(204, '844e013c-cbee-11ed-9aa0-8e60b21ff602', '204', 307, 4, 0, '2023-03-26 21:54:40', '2023-03-26 21:54:40'),
(205, '844e01aa-cbee-11ed-b24e-8e60b21ff602', '205', 263, 4, 0, '2023-03-26 21:54:40', '2023-03-26 21:54:40'),
(206, '844e020e-cbee-11ed-9e0e-8e60b21ff602', '206', 264, 4, 0, '2023-03-26 21:54:40', '2023-03-26 21:54:40'),
(207, '844e027c-cbee-11ed-8b50-8e60b21ff602', '207', 223, 4, 0, '2023-03-26 21:54:40', '2023-03-26 21:54:40'),
(208, '844e02ea-cbee-11ed-acf3-8e60b21ff602', '208', 269, 4, 14, '2023-03-26 21:54:40', '2023-03-26 21:54:40'),
(209, '844e0358-cbee-11ed-9fba-8e60b21ff602', '209', 267, 4, 0, '2023-03-26 21:54:40', '2023-03-26 21:54:40'),
(210, '844e03c6-cbee-11ed-a564-8e60b21ff602', '210', 265, 4, 0, '2023-03-26 21:54:40', '2023-03-26 21:54:40'),
(211, '844e042a-cbee-11ed-b7c2-8e60b21ff602', '211', 268, 4, 0, '2023-03-26 21:54:40', '2023-03-26 21:54:40'),
(212, '844e0498-cbee-11ed-99d3-8e60b21ff602', '212', 5018, 4, 0, '2023-03-26 21:54:40', '2023-03-26 21:54:40'),
(213, '844e0510-cbee-11ed-946a-8e60b21ff602', '213', 5019, 4, 0, '2023-03-26 21:54:40', '2023-03-26 21:54:40'),
(214, '844e0574-cbee-11ed-a837-8e60b21ff602', '214', 266, 4, 0, '2023-03-26 21:54:40', '2023-03-26 21:54:40'),
(215, '844e05e2-cbee-11ed-9b80-8e60b21ff602', '215', 270, 4, 0, '2023-03-26 21:54:40', '2023-03-26 21:54:40'),
(216, '844e0650-cbee-11ed-8054-8e60b21ff602', '216', 271, 4, 0, '2023-03-26 21:54:40', '2023-03-26 21:54:40'),
(217, '844e06b4-cbee-11ed-a72d-8e60b21ff602', '217', 272, 4, 0, '2023-03-26 21:54:40', '2023-03-26 21:54:40'),
(218, '844e0722-cbee-11ed-9940-8e60b21ff602', '218', 273, 4, 0, '2023-03-26 21:54:40', '2023-03-26 21:54:40'),
(219, '844e0786-cbee-11ed-909c-8e60b21ff602', '219', 274, 4, 0, '2023-03-26 21:54:40', '2023-03-26 21:54:40'),
(220, '844e07ea-cbee-11ed-9652-8e60b21ff602', '220', 275, 4, 0, '2023-03-26 21:54:40', '2023-03-26 21:54:40'),
(221, '844e0858-cbee-11ed-810f-8e60b21ff602', '221', 276, 4, 0, '2023-03-26 21:54:40', '2023-03-26 21:54:40'),
(222, '844e08c6-cbee-11ed-b155-8e60b21ff602', '222', 12854, 4, 0, '2023-03-26 21:54:40', '2023-03-26 21:54:40'),
(223, '844e092a-cbee-11ed-8aa2-8e60b21ff602', '223', 12855, 4, 0, '2023-03-26 21:54:40', '2023-03-26 21:54:40'),
(224, '844e0998-cbee-11ed-9ad5-8e60b21ff602', '224', 12857, 4, 0, '2023-03-26 21:54:40', '2023-03-26 21:54:40'),
(225, '844e09fc-cbee-11ed-b41a-8e60b21ff602', '225', 13368, 4, 0, '2023-03-26 21:54:40', '2023-03-26 21:54:40'),
(226, '844e0a6a-cbee-11ed-a1e1-8e60b21ff602', '226', 13618, 4, 0, '2023-03-26 21:54:40', '2023-03-26 21:54:40'),
(227, '844e0ae2-cbee-11ed-a18e-8e60b21ff602', '227', 14130, 4, 0, '2023-03-26 21:54:40', '2023-03-26 21:54:40'),
(228, '844e0b46-cbee-11ed-8fb6-8e60b21ff602', '228', 3158322, 4, 0, '2023-03-26 21:54:40', '2023-03-26 21:54:40'),
(229, '844e0bbe-cbee-11ed-8ad1-8e60b21ff602', '229', 3158578, 4, 0, '2023-03-26 21:54:40', '2023-03-26 21:54:40'),
(230, '844e0c22-cbee-11ed-a078-8e60b21ff602', '230', 3223858, 4, 0, '2023-03-26 21:54:40', '2023-03-26 21:54:40'),
(231, '844e0c90-cbee-11ed-b554-8e60b21ff602', '231', 3225137, 4, 0, '2023-03-26 21:54:40', '2023-03-26 21:54:40'),
(232, '844e0cfe-cbee-11ed-a152-8e60b21ff602', '232', 3225649, 4, 0, '2023-03-26 21:54:40', '2023-03-26 21:54:40'),
(233, '844e0d62-cbee-11ed-8ecf-8e60b21ff602', '233', 3289138, 4, 0, '2023-03-26 21:54:40', '2023-03-26 21:54:40'),
(234, '844e0dd0-cbee-11ed-9624-8e60b21ff602', '234', 3420465, 4, 0, '2023-03-26 21:54:40', '2023-03-26 21:54:40'),
(235, '844e0e34-cbee-11ed-b2b7-8e60b21ff602', '235', 3486001, 4, 0, '2023-03-26 21:54:40', '2023-03-26 21:54:40'),
(236, '844e0ea2-cbee-11ed-b007-8e60b21ff602', '236', 3487025, 4, 0, '2023-03-26 21:54:40', '2023-03-26 21:54:40'),
(237, '844e0f06-cbee-11ed-979a-8e60b21ff602', '237', 3551282, 4, 0, '2023-03-26 21:54:40', '2023-03-26 21:54:40'),
(238, '844e0f6a-cbee-11ed-b6f8-8e60b21ff602', '238', 3552817, 4, 0, '2023-03-26 21:54:40', '2023-03-26 21:54:40'),
(239, '844e0fd8-cbee-11ed-9620-8e60b21ff602', '239', 3616818, 4, 0, '2023-03-26 21:54:40', '2023-03-26 21:54:40'),
(240, '844e103c-cbee-11ed-b10e-8e60b21ff602', '240', 3617074, 4, 0, '2023-03-26 21:54:40', '2023-03-26 21:54:40'),
(241, '844e10a0-cbee-11ed-b8b3-8e60b21ff602', '241', 3618097, 4, 0, '2023-03-26 21:54:40', '2023-03-26 21:54:40'),
(242, '844e110e-cbee-11ed-9f5a-8e60b21ff602', '242', 3619121, 4, 0, '2023-03-26 21:54:40', '2023-03-26 21:54:40'),
(243, '844e117c-cbee-11ed-a21c-8e60b21ff602', '243', 3682354, 4, 0, '2023-03-26 21:54:40', '2023-03-26 21:54:40'),
(244, '844e11e0-cbee-11ed-92de-8e60b21ff602', '244', 959459381, 4, 0, '2023-03-26 21:54:40', '2023-03-26 21:54:40'),
(245, '844e124e-cbee-11ed-9ede-8e60b21ff602', '245', 277, 4, 0, '2023-03-26 21:54:40', '2023-03-26 21:54:40'),
(246, '844e12bc-cbee-11ed-b9c0-8e60b21ff602', '246', 5020, 4, 0, '2023-03-26 21:54:40', '2023-03-26 21:54:40'),
(247, '844e1320-cbee-11ed-bf64-8e60b21ff602', '247', 5021, 4, 0, '2023-03-26 21:54:40', '2023-03-26 21:54:40'),
(248, '844e1384-cbee-11ed-95cf-8e60b21ff602', '248', 278, 4, 0, '2023-03-26 21:54:40', '2023-03-26 21:54:40'),
(249, '844e13f2-cbee-11ed-afd3-8e60b21ff602', '249', 284, 4, 0, '2023-03-26 21:54:40', '2023-03-26 21:54:40'),
(250, '844e1456-cbee-11ed-8063-8e60b21ff602', '250', 283, 4, 0, '2023-03-26 21:54:40', '2023-03-26 21:54:40'),
(251, '844e14ba-cbee-11ed-9b94-8e60b21ff602', '251', 282, 4, 0, '2023-03-26 21:54:40', '2023-03-26 21:54:40'),
(252, '844e1528-cbee-11ed-bfdb-8e60b21ff602', '252', 294, 4, 0, '2023-03-26 21:54:40', '2023-03-26 21:54:40'),
(253, '844e1596-cbee-11ed-87b3-8e60b21ff602', '253', 279, 4, 0, '2023-03-26 21:54:40', '2023-03-26 21:54:40'),
(254, '844e1604-cbee-11ed-8602-8e60b21ff602', '254', 280, 4, 0, '2023-03-26 21:54:40', '2023-03-26 21:54:40'),
(255, '844e1668-cbee-11ed-bc53-8e60b21ff602', '255', 281, 4, 0, '2023-03-26 21:54:40', '2023-03-26 21:54:40'),
(256, '844e16d6-cbee-11ed-a608-8e60b21ff602', '256', 312, 4, 0, '2023-03-26 21:54:40', '2023-03-26 21:54:40'),
(257, '844e174e-cbee-11ed-8385-8e60b21ff602', '257', 347, 4, 0, '2023-03-26 21:54:40', '2023-03-26 21:54:40'),
(258, '844e17c6-cbee-11ed-9c2b-8e60b21ff602', '258', 286, 4, 0, '2023-03-26 21:54:40', '2023-03-26 21:54:40'),
(259, '844e183e-cbee-11ed-8f74-8e60b21ff602', '259', 287, 4, 0, '2023-03-26 21:54:40', '2023-03-26 21:54:40'),
(260, '844e18a2-cbee-11ed-8ce9-8e60b21ff602', '260', 289, 4, 0, '2023-03-26 21:54:40', '2023-03-26 21:54:40'),
(261, '844e1910-cbee-11ed-b1c5-8e60b21ff602', '261', 288, 4, 0, '2023-03-26 21:54:40', '2023-03-26 21:54:40'),
(262, '844e1974-cbee-11ed-8b0c-8e60b21ff602', '262', 290, 4, 0, '2023-03-26 21:54:40', '2023-03-26 21:54:40'),
(263, '844e19e2-cbee-11ed-8227-8e60b21ff602', '263', 291, 4, 0, '2023-03-26 21:54:40', '2023-03-26 21:54:40'),
(264, '844e1a50-cbee-11ed-a68c-8e60b21ff602', '264', 293, 4, 0, '2023-03-26 21:54:40', '2023-03-26 21:54:40'),
(265, '844e1ab4-cbee-11ed-b767-8e60b21ff602', '265', 5022, 4, 0, '2023-03-26 21:54:40', '2023-03-26 21:54:40'),
(266, '844e1b22-cbee-11ed-a781-8e60b21ff602', '266', 331, 4, 0, '2023-03-26 21:54:40', '2023-03-26 21:54:40'),
(267, '844e1b86-cbee-11ed-a8b8-8e60b21ff602', '267', 5023, 4, 0, '2023-03-26 21:54:40', '2023-03-26 21:54:40'),
(268, '844e1bf4-cbee-11ed-81c0-8e60b21ff602', '268', 299, 4, 0, '2023-03-26 21:54:40', '2023-03-26 21:54:40'),
(269, '844e1c62-cbee-11ed-b152-8e60b21ff602', '269', 5034, 4, 0, '2023-03-26 21:54:40', '2023-03-26 21:54:40'),
(270, '844e1cc6-cbee-11ed-b7e5-8e60b21ff602', '270', 301, 4, 0, '2023-03-26 21:54:40', '2023-03-26 21:54:40'),
(271, '844e1d34-cbee-11ed-a62a-8e60b21ff602', '271', 15, 4, 0, '2023-03-26 21:54:40', '2023-03-26 21:54:40'),
(272, '844e1da2-cbee-11ed-9aa8-8e60b21ff602', '272', 304, 4, 0, '2023-03-26 21:54:40', '2023-03-26 21:54:40'),
(273, '844e1e10-cbee-11ed-ac8a-8e60b21ff602', '273', 303, 4, 0, '2023-03-26 21:54:40', '2023-03-26 21:54:40'),
(274, '844e1e7e-cbee-11ed-8c12-8e60b21ff602', '274', 305, 4, 0, '2023-03-26 21:54:40', '2023-03-26 21:54:40'),
(275, '844e1eec-cbee-11ed-ba98-8e60b21ff602', '275', 262, 4, 0, '2023-03-26 21:54:40', '2023-03-26 21:54:40'),
(276, '844e1f5a-cbee-11ed-b167-8e60b21ff602', '276', 5028, 4, 0, '2023-03-26 21:54:40', '2023-03-26 21:54:40'),
(277, '844e1fd2-cbee-11ed-a00d-8e60b21ff602', '277', 306, 4, 0, '2023-03-26 21:54:40', '2023-03-26 21:54:40'),
(278, '844e2040-cbee-11ed-9c7a-8e60b21ff602', '278', 310, 4, 0, '2023-03-26 21:54:40', '2023-03-26 21:54:40'),
(279, '844e20b8-cbee-11ed-99d1-8e60b21ff602', '279', 311, 4, 0, '2023-03-26 21:54:40', '2023-03-26 21:54:40'),
(280, '844e2130-cbee-11ed-8a32-8e60b21ff602', '280', 308, 4, 0, '2023-03-26 21:54:40', '2023-03-26 21:54:40'),
(281, '844e219e-cbee-11ed-b956-8e60b21ff602', '281', 309, 4, 0, '2023-03-26 21:54:40', '2023-03-26 21:54:40'),
(282, '844e220c-cbee-11ed-a03c-8e60b21ff602', '282', 5024, 4, 0, '2023-03-26 21:54:40', '2023-03-26 21:54:40'),
(283, '844e227a-cbee-11ed-af66-8e60b21ff602', '283', 5025, 4, 0, '2023-03-26 21:54:40', '2023-03-26 21:54:40'),
(284, '844e22e8-cbee-11ed-ba7a-8e60b21ff602', '284', 5026, 4, 0, '2023-03-26 21:54:40', '2023-03-26 21:54:40'),
(285, '844e2356-cbee-11ed-8357-8e60b21ff602', '285', 5027, 4, 0, '2023-03-26 21:54:40', '2023-03-26 21:54:40'),
(286, '844e23c4-cbee-11ed-b7d1-8e60b21ff602', '286', 5029, 4, 0, '2023-03-26 21:54:40', '2023-03-26 21:54:40'),
(287, '844e2432-cbee-11ed-8d25-8e60b21ff602', '287', 5030, 4, 0, '2023-03-26 21:54:40', '2023-03-26 21:54:40'),
(288, '844e24a0-cbee-11ed-999b-8e60b21ff602', '288', 225, 4, 0, '2023-03-26 21:54:40', '2023-03-26 21:54:40'),
(289, '844e250e-cbee-11ed-80a4-8e60b21ff602', '289', 318, 4, 0, '2023-03-26 21:54:40', '2023-03-26 21:54:40'),
(290, '844e257c-cbee-11ed-bb7a-8e60b21ff602', '290', 316, 4, 0, '2023-03-26 21:54:40', '2023-03-26 21:54:40'),
(291, '844e25ea-cbee-11ed-9243-8e60b21ff602', '291', 315, 4, 0, '2023-03-26 21:54:40', '2023-03-26 21:54:40'),
(292, '844e2658-cbee-11ed-82d3-8e60b21ff602', '292', 314, 4, 0, '2023-03-26 21:54:40', '2023-03-26 21:54:40'),
(293, '844e26c6-cbee-11ed-8806-8e60b21ff602', '293', 317, 4, 0, '2023-03-26 21:54:40', '2023-03-26 21:54:40'),
(294, '844e273e-cbee-11ed-80fe-8e60b21ff602', '294', 319, 4, 0, '2023-03-26 21:54:40', '2023-03-26 21:54:40'),
(295, '844e27b6-cbee-11ed-8d0d-8e60b21ff602', '295', 320, 4, 0, '2023-03-26 21:54:40', '2023-03-26 21:54:40'),
(296, '844e2824-cbee-11ed-874c-8e60b21ff602', '296', 323, 4, 0, '2023-03-26 21:54:40', '2023-03-26 21:54:40'),
(297, '844e2892-cbee-11ed-a93a-8e60b21ff602', '297', 313, 4, 0, '2023-03-26 21:54:40', '2023-03-26 21:54:40'),
(298, '844e2900-cbee-11ed-8d3b-8e60b21ff602', '298', 321, 4, 0, '2023-03-26 21:54:40', '2023-03-26 21:54:40'),
(299, '844e296e-cbee-11ed-9609-8e60b21ff602', '299', 322, 4, 0, '2023-03-26 21:54:40', '2023-03-26 21:54:40'),
(300, '844e29d2-cbee-11ed-be78-8e60b21ff602', '300', 5031, 4, 0, '2023-03-26 21:54:40', '2023-03-26 21:54:40'),
(301, '844e2a40-cbee-11ed-a1fe-8e60b21ff602', '301', 5032, 4, 0, '2023-03-26 21:54:40', '2023-03-26 21:54:40'),
(302, '844e2aa4-cbee-11ed-9022-8e60b21ff602', '302', 5033, 4, 0, '2023-03-26 21:54:40', '2023-03-26 21:54:40'),
(303, '844e2b08-cbee-11ed-bc59-8e60b21ff602', '303', 324, 4, 0, '2023-03-26 21:54:40', '2023-03-26 21:54:40'),
(304, '844e2b76-cbee-11ed-b303-8e60b21ff602', '304', 325, 4, 0, '2023-03-26 21:54:40', '2023-03-26 21:54:40'),
(305, '844e2bda-cbee-11ed-a535-8e60b21ff602', '305', 326, 4, 0, '2023-03-26 21:54:40', '2023-03-26 21:54:40'),
(306, '844e2c48-cbee-11ed-bfd7-8e60b21ff602', '306', 327, 4, 0, '2023-03-26 21:54:40', '2023-03-26 21:54:40'),
(307, '844e2cac-cbee-11ed-8436-8e60b21ff602', '307', 328, 4, 0, '2023-03-26 21:54:40', '2023-03-26 21:54:40'),
(308, '844e2d10-cbee-11ed-b6ed-8e60b21ff602', '308', 5042, 4, 0, '2023-03-26 21:54:40', '2023-03-26 21:54:40'),
(309, '844e2d74-cbee-11ed-bced-8e60b21ff602', '309', 329, 4, 0, '2023-03-26 21:54:40', '2023-03-26 21:54:40'),
(310, '844e2de2-cbee-11ed-9ade-8e60b21ff602', '310', 330, 4, 0, '2023-03-26 21:54:40', '2023-03-26 21:54:40'),
(311, '844e2e46-cbee-11ed-80d0-8e60b21ff602', '311', 5035, 4, 0, '2023-03-26 21:54:40', '2023-03-26 21:54:40'),
(312, '844e2eaa-cbee-11ed-992c-8e60b21ff602', '312', 5036, 4, 0, '2023-03-26 21:54:40', '2023-03-26 21:54:40'),
(313, '844e2f0e-cbee-11ed-bc51-8e60b21ff602', '313', 296, 4, 0, '2023-03-26 21:54:40', '2023-03-26 21:54:40'),
(314, '844e2f7c-cbee-11ed-8d0d-8e60b21ff602', '314', 297, 4, 0, '2023-03-26 21:54:40', '2023-03-26 21:54:40'),
(315, '844e2fe0-cbee-11ed-adbb-8e60b21ff602', '315', 300, 4, 0, '2023-03-26 21:54:40', '2023-03-26 21:54:40'),
(316, '844e3044-cbee-11ed-9c7e-8e60b21ff602', '316', 332, 4, 0, '2023-03-26 21:54:40', '2023-03-26 21:54:40'),
(317, '844e30b2-cbee-11ed-8529-8e60b21ff602', '317', 337, 4, 0, '2023-03-26 21:54:40', '2023-03-26 21:54:40'),
(318, '844e3116-cbee-11ed-82fd-8e60b21ff602', '318', 338, 4, 0, '2023-03-26 21:54:40', '2023-03-26 21:54:40'),
(319, '844e317a-cbee-11ed-8689-8e60b21ff602', '319', 333, 4, 0, '2023-03-26 21:54:40', '2023-03-26 21:54:40'),
(320, '844e31de-cbee-11ed-8c5a-8e60b21ff602', '320', 336, 4, 0, '2023-03-26 21:54:40', '2023-03-26 21:54:40'),
(321, '844e3242-cbee-11ed-be2b-8e60b21ff602', '321', 334, 4, 0, '2023-03-26 21:54:40', '2023-03-26 21:54:40'),
(322, '844e32b0-cbee-11ed-9633-8e60b21ff602', '322', 216, 4, 0, '2023-03-26 21:54:40', '2023-03-26 21:54:40'),
(323, '844e3314-cbee-11ed-a5d9-8e60b21ff602', '323', 12339, 4, 0, '2023-03-26 21:54:40', '2023-03-26 21:54:40'),
(324, '844e3378-cbee-11ed-bfa6-8e60b21ff602', '324', 12851, 4, 0, '2023-03-26 21:54:40', '2023-03-26 21:54:40'),
(325, '844e33e6-cbee-11ed-9d27-8e60b21ff602', '325', 13873, 4, 0, '2023-03-26 21:54:40', '2023-03-26 21:54:40'),
(326, '844e3454-cbee-11ed-bcc5-8e60b21ff602', '326', 13874, 4, 0, '2023-03-26 21:54:40', '2023-03-26 21:54:40'),
(327, '844e34b8-cbee-11ed-810d-8e60b21ff602', '327', 341, 4, 0, '2023-03-26 21:54:40', '2023-03-26 21:54:40'),
(328, '844e351c-cbee-11ed-a0d3-8e60b21ff602', '328', 339, 4, 0, '2023-03-26 21:54:40', '2023-03-26 21:54:40'),
(329, '844e3580-cbee-11ed-aa69-8e60b21ff602', '329', 340, 4, 0, '2023-03-26 21:54:40', '2023-03-26 21:54:40'),
(330, '844e35ee-cbee-11ed-b433-8e60b21ff602', '330', 343, 4, 0, '2023-03-26 21:54:40', '2023-03-26 21:54:40'),
(331, '844e3652-cbee-11ed-9df9-8e60b21ff602', '331', 5037, 4, 0, '2023-03-26 21:54:40', '2023-03-26 21:54:40'),
(332, '844e36b6-cbee-11ed-9b4b-8e60b21ff602', '332', 5038, 4, 0, '2023-03-26 21:54:40', '2023-03-26 21:54:40'),
(333, '844e371a-cbee-11ed-8bf9-8e60b21ff602', '333', 345, 4, 0, '2023-03-26 21:54:40', '2023-03-26 21:54:40'),
(334, '844e3788-cbee-11ed-a7d7-8e60b21ff602', '334', 344, 4, 0, '2023-03-26 21:54:40', '2023-03-26 21:54:40'),
(335, '844e37ec-cbee-11ed-8acd-8e60b21ff602', '335', 346, 4, 14, '2023-03-26 21:54:40', '2023-03-26 21:54:40'),
(336, '844e3850-cbee-11ed-88fd-8e60b21ff602', '336', 5040, 4, 0, '2023-03-26 21:54:40', '2023-03-26 21:54:40'),
(337, '844e38b4-cbee-11ed-99b4-8e60b21ff602', '337', 355, 4, 0, '2023-03-26 21:54:40', '2023-03-26 21:54:40'),
(338, '844e3918-cbee-11ed-b6a0-8e60b21ff602', '338', 356, 4, 0, '2023-03-26 21:54:40', '2023-03-26 21:54:40'),
(339, '844e397c-cbee-11ed-9588-8e60b21ff602', '339', 357, 4, 0, '2023-03-26 21:54:40', '2023-03-26 21:54:40'),
(340, '844e39ea-cbee-11ed-ab81-8e60b21ff602', '340', 348, 4, 0, '2023-03-26 21:54:40', '2023-03-26 21:54:40'),
(341, '844e3a4e-cbee-11ed-a231-8e60b21ff602', '341', 350, 4, 0, '2023-03-26 21:54:40', '2023-03-26 21:54:40'),
(342, '844e3ab2-cbee-11ed-b1d9-8e60b21ff602', '342', 349, 4, 0, '2023-03-26 21:54:40', '2023-03-26 21:54:40'),
(343, '844e3b16-cbee-11ed-b86a-8e60b21ff602', '343', 5039, 4, 0, '2023-03-26 21:54:40', '2023-03-26 21:54:40'),
(344, '844e3b7a-cbee-11ed-b3fe-8e60b21ff602', '344', 352, 4, 0, '2023-03-26 21:54:40', '2023-03-26 21:54:40'),
(345, '844e3bde-cbee-11ed-a2e3-8e60b21ff602', '345', 351, 4, 0, '2023-03-26 21:54:40', '2023-03-26 21:54:40'),
(346, '844e3c4c-cbee-11ed-a381-8e60b21ff602', '346', 354, 4, 0, '2023-03-26 21:54:40', '2023-03-26 21:54:40'),
(347, '844e3cb0-cbee-11ed-863b-8e60b21ff602', '347', 353, 4, 0, '2023-03-26 21:54:40', '2023-03-26 21:54:40'),
(348, '844e3d14-cbee-11ed-842c-8e60b21ff602', '348', 358, 4, 0, '2023-03-26 21:54:40', '2023-03-26 21:54:40'),
(349, '844e3d78-cbee-11ed-8abb-8e60b21ff602', '349', 359, 4, 0, '2023-03-26 21:54:40', '2023-03-26 21:54:40'),
(350, '844e3ddc-cbee-11ed-bb92-8e60b21ff602', '350', 360, 4, 0, '2023-03-26 21:54:40', '2023-03-26 21:54:40'),
(351, '844e3e40-cbee-11ed-9d8a-8e60b21ff602', '351', 361, 4, 0, '2023-03-26 21:54:40', '2023-03-26 21:54:40'),
(352, '844e3eae-cbee-11ed-bca5-8e60b21ff602', '352', 364, 4, 0, '2023-03-26 21:54:40', '2023-03-26 21:54:40'),
(353, '844e3f12-cbee-11ed-8994-8e60b21ff602', '353', 366, 4, 0, '2023-03-26 21:54:40', '2023-03-26 21:54:40'),
(354, '844e3f76-cbee-11ed-bfaf-8e60b21ff602', '355', 362, 4, 0, '2023-03-26 21:54:40', '2023-03-26 21:54:40'),
(355, '844e41f6-cbee-11ed-a5a6-8e60b21ff602', '356', 363, 4, 0, '2023-03-26 21:54:40', '2023-03-26 21:54:40'),
(356, '844e426e-cbee-11ed-a29c-8e60b21ff602', '357', 365, 4, 0, '2023-03-26 21:54:40', '2023-03-26 21:54:40'),
(357, '844e42dc-cbee-11ed-85d0-8e60b21ff602', '358', 13369, 4, 0, '2023-03-26 21:54:40', '2023-03-26 21:54:40'),
(358, '844e434a-cbee-11ed-a2ac-8e60b21ff602', '359', 13875, 4, 0, '2023-03-26 21:54:40', '2023-03-26 21:54:40'),
(359, '844e43b8-cbee-11ed-9a1a-8e60b21ff602', '360', 3551281, 4, 0, '2023-03-26 21:54:40', '2023-03-26 21:54:40'),
(360, '844e441c-cbee-11ed-aada-8e60b21ff602', '361', 368, 4, 0, '2023-03-26 21:54:40', '2023-03-26 21:54:40'),
(361, '844e4480-cbee-11ed-9b04-8e60b21ff602', '362', 370, 4, 0, '2023-03-26 21:54:40', '2023-03-26 21:54:40'),
(362, '844e44e4-cbee-11ed-8997-8e60b21ff602', '363', 371, 4, 0, '2023-03-26 21:54:40', '2023-03-26 21:54:40'),
(363, '844e4548-cbee-11ed-a75d-8e60b21ff602', '364', 372, 4, 0, '2023-03-26 21:54:40', '2023-03-26 21:54:40'),
(364, '844e45ac-cbee-11ed-a04e-8e60b21ff602', '365', 295, 4, 0, '2023-03-26 21:54:40', '2023-03-26 21:54:40'),
(365, '844e4610-cbee-11ed-b5cd-8e60b21ff602', '366', 373, 4, 0, '2023-03-26 21:54:40', '2023-03-26 21:54:40'),
(366, '844e467e-cbee-11ed-b3b4-8e60b21ff602', '367', 378, 4, 0, '2023-03-26 21:54:40', '2023-03-26 21:54:40'),
(367, '844e46e2-cbee-11ed-941f-8e60b21ff602', '368', 377, 4, 0, '2023-03-26 21:54:40', '2023-03-26 21:54:40'),
(368, '844e4746-cbee-11ed-bb4b-8e60b21ff602', '369', 376, 4, 0, '2023-03-26 21:54:40', '2023-03-26 21:54:40'),
(369, '844e47aa-cbee-11ed-8da3-8e60b21ff602', '370', 374, 4, 0, '2023-03-26 21:54:40', '2023-03-26 21:54:40'),
(370, '844e480e-cbee-11ed-a8da-8e60b21ff602', '371', 375, 4, 0, '2023-03-26 21:54:40', '2023-03-26 21:54:40'),
(371, '844e4872-cbee-11ed-81d3-8e60b21ff602', '372', 379, 4, 0, '2023-03-26 21:54:40', '2023-03-26 21:54:40'),
(372, '844e48e0-cbee-11ed-b512-8e60b21ff602', '373', 777777, 4, 0, '2023-03-26 21:54:40', '2023-03-26 21:54:40'),
(373, '844e4944-cbee-11ed-bb55-8e60b21ff602', '374', 380, 4, 0, '2023-03-26 21:54:40', '2023-03-26 21:54:40'),
(374, '844e49b2-cbee-11ed-82a9-8e60b21ff602', '375', 382, 4, 0, '2023-03-26 21:54:40', '2023-03-26 21:54:40'),
(375, '844e4a16-cbee-11ed-9fd7-8e60b21ff602', '376', 389, 4, 0, '2023-03-26 21:54:40', '2023-03-26 21:54:40'),
(376, '844e4a7a-cbee-11ed-91c0-8e60b21ff602', '377', 390, 4, 0, '2023-03-26 21:54:40', '2023-03-26 21:54:40'),
(377, '844e4ae8-cbee-11ed-bfc1-8e60b21ff602', '378', 383, 4, 0, '2023-03-26 21:54:40', '2023-03-26 21:54:40'),
(378, '844e4b4c-cbee-11ed-91f3-8e60b21ff602', '379', 388, 4, 0, '2023-03-26 21:54:40', '2023-03-26 21:54:40'),
(379, '844e4bb0-cbee-11ed-aacb-8e60b21ff602', '380', 384, 4, 0, '2023-03-26 21:54:40', '2023-03-26 21:54:40'),
(380, '844e4c14-cbee-11ed-95bb-8e60b21ff602', '381', 385, 4, 0, '2023-03-26 21:54:40', '2023-03-26 21:54:40'),
(381, '844e4c78-cbee-11ed-b4a3-8e60b21ff602', '382', 387, 4, 0, '2023-03-26 21:54:40', '2023-03-26 21:54:40'),
(382, '844e4ce6-cbee-11ed-a792-8e60b21ff602', '383', 386, 4, 0, '2023-03-26 21:54:40', '2023-03-26 21:54:40'),
(383, '844e4d4a-cbee-11ed-b1cb-8e60b21ff602', '384', 391, 4, 0, '2023-03-26 21:54:40', '2023-03-26 21:54:40'),
(384, '845c223a-cbee-11ed-a12d-8e60b21ff602', '1', 222, 3, 14, '2023-03-26 21:54:40', '2023-03-26 21:54:40'),
(385, '845c233e-cbee-11ed-98b1-8e60b21ff602', '3', 45, 3, 0, '2023-03-26 21:54:40', '2023-03-26 21:54:40');

-- --------------------------------------------------------

--
-- Table structure for table `location`
--

CREATE TABLE `location` (
  `id` int NOT NULL,
  `uuid` char(36) NOT NULL,
  `location` varchar(50) NOT NULL,
  `address` varchar(255) NOT NULL,
  `status` tinyint(1) NOT NULL COMMENT '0=Inactive, 1=Active',
  `createdAt` datetime NOT NULL DEFAULT CURRENT_TIMESTAMP,
  `updatedAt` datetime NOT NULL DEFAULT CURRENT_TIMESTAMP
) ENGINE=InnoDB DEFAULT CHARSET=utf8mb4 COLLATE=utf8mb4_0900_ai_ci;

--
-- Dumping data for table `location`
--

INSERT INTO `location` (`id`, `uuid`, `location`, `address`, `status`, `createdAt`, `updatedAt`) VALUES
(1, 'f9502f41-1652-44fd-b555-5281a3998f1d', 'Bashundhara R/A', 'JCX Business Tower, 3rd & 6th Floor\nPlot - 1136/A, Block - I, Bashundhara R/A,\nDhaka 1229, Bangladesh', 1, '2023-03-23 11:39:01', '2023-03-23 11:39:01'),
(4, '6d6077dc-26bd-4c66-969c-5869e18e522e', 'Banani Front', 'Rangs Pearl Tower, 4th Floor,\r\nHouse no. 76, Road 12, Block E,\r\nBanani, Dhaka 1213, Bangladesh', 1, '2023-03-23 11:39:01', '2023-03-23 11:39:01'),
(5, '1805cfe7-b347-43ca-a0e0-f573a010d2fb', 'Chittagong', 'Chittagong, Bangladesh', 1, '2023-03-23 11:39:01', '2023-03-23 11:39:01'),
(6, 'd4250078-bdfa-4e73-ac3c-a47fb6cfb6d2', 'DeshiPay', 'JCX Business Tower (6th Floor),\r\nPlot # 1133/A, Block # I,\r\nJapan Street, Bashundhara R/A,\r\nDhaka - 1229, Bangladesh', 1, '2023-03-23 11:39:01', '2023-03-23 11:39:01');

--
-- Indexes for dumped tables
--

--
-- Indexes for table `attendance`
--
ALTER TABLE `attendance`
  ADD PRIMARY KEY (`id`),
  ADD UNIQUE KEY `uuid` (`uuid`),
  ADD UNIQUE KEY `unique_index` (`userId`,`state`,`deviceId`,`deviceTime`),
  ADD KEY ` attendanceCompany` (`companyId`),
  ADD KEY `attendanceLocation` (`locationId`),
  ADD KEY `attendanceDevice` (`deviceId`);

--
-- Indexes for table `company`
--
ALTER TABLE `company`
  ADD PRIMARY KEY (`id`),
  ADD UNIQUE KEY `uuid` (`uuid`);

--
-- Indexes for table `device`
--
ALTER TABLE `device`
  ADD PRIMARY KEY (`id`),
  ADD UNIQUE KEY `uuid` (`uuid`),
  ADD UNIQUE KEY `name` (`name`),
  ADD KEY `companyRel` (`companyId`),
  ADD KEY `locationRel` (`locationId`);

--
-- Indexes for table `employee`
--
ALTER TABLE `employee`
  ADD PRIMARY KEY (`id`),
  ADD UNIQUE KEY `uuid` (`uuid`),
  ADD UNIQUE KEY `userId` (`userId`);

--
-- Indexes for table `employee_device_relation`
--
ALTER TABLE `employee_device_relation`
  ADD PRIMARY KEY (`id`),
  ADD UNIQUE KEY `employeeId` (`employeeId`,`deviceId`);

--
-- Indexes for table `location`
--
ALTER TABLE `location`
  ADD PRIMARY KEY (`id`),
  ADD UNIQUE KEY `uuid` (`uuid`),
  ADD UNIQUE KEY `location` (`location`);

--
-- AUTO_INCREMENT for dumped tables
--

--
-- AUTO_INCREMENT for table `attendance`
--
ALTER TABLE `attendance`
  MODIFY `id` int NOT NULL AUTO_INCREMENT, AUTO_INCREMENT=4394;

--
-- AUTO_INCREMENT for table `company`
--
ALTER TABLE `company`
  MODIFY `id` int NOT NULL AUTO_INCREMENT, AUTO_INCREMENT=3;

--
-- AUTO_INCREMENT for table `device`
--
ALTER TABLE `device`
  MODIFY `id` int NOT NULL AUTO_INCREMENT, AUTO_INCREMENT=6;

--
-- AUTO_INCREMENT for table `employee`
--
ALTER TABLE `employee`
  MODIFY `id` int NOT NULL AUTO_INCREMENT, AUTO_INCREMENT=386;

--
-- AUTO_INCREMENT for table `employee_device_relation`
--
ALTER TABLE `employee_device_relation`
  MODIFY `id` int NOT NULL AUTO_INCREMENT, AUTO_INCREMENT=386;

--
-- AUTO_INCREMENT for table `location`
--
ALTER TABLE `location`
  MODIFY `id` int NOT NULL AUTO_INCREMENT, AUTO_INCREMENT=7;

--
-- Constraints for dumped tables
--

--
-- Constraints for table `attendance`
--
ALTER TABLE `attendance`
  ADD CONSTRAINT ` attendanceCompany` FOREIGN KEY (`companyId`) REFERENCES `company` (`id`) ON UPDATE CASCADE,
  ADD CONSTRAINT `attendanceDevice` FOREIGN KEY (`deviceId`) REFERENCES `device` (`id`) ON DELETE RESTRICT ON UPDATE CASCADE,
  ADD CONSTRAINT `attendanceLocation` FOREIGN KEY (`locationId`) REFERENCES `location` (`id`) ON UPDATE CASCADE;

--
-- Constraints for table `device`
--
ALTER TABLE `device`
  ADD CONSTRAINT `companyRel` FOREIGN KEY (`companyId`) REFERENCES `company` (`id`) ON UPDATE CASCADE,
  ADD CONSTRAINT `locationRel` FOREIGN KEY (`locationId`) REFERENCES `location` (`id`) ON UPDATE CASCADE;
SET FOREIGN_KEY_CHECKS=1;
COMMIT;

/*!40101 SET CHARACTER_SET_CLIENT=@OLD_CHARACTER_SET_CLIENT */;
/*!40101 SET CHARACTER_SET_RESULTS=@OLD_CHARACTER_SET_RESULTS */;
/*!40101 SET COLLATION_CONNECTION=@OLD_COLLATION_CONNECTION */;
